content,label

"Tiền Giang: Tài xế khóc ròng vì phí khử khuẩn ở Gò Công Tây Phản ánh với PV Thanh Niên, nhiều tài xế cho biết phải trả từ 20.000 - 50.000 đồng/lượt khi di chuyển vào H.Gò Công Tây (Tiền Giang) sau khi được phun khử khuẩn xe.",0

"Bản tin tình hình Covid-19 hôm nay 16.10: TP.HCM ghi nhận 790 ca nhiễm mới, 58 ca tử vong Bản tin tình hình Covid-19 hôm nay của Báo Thanh Niên trực tiếp lúc 20 giờ ngày 16.10.2021 tại địa chỉ thanhnien.vn, YouTube, Facebook của Báo Thanh Niên, trang Báo Thanh Niên trên 2 mạng xã hội Lotus và TikTok.",0

"Hà Nội: Làm rõ nhóm người xăm trổ đập phá cửa nhà dân ở Q.Hai Bà Trưng Chiều 16.10, Công an Q.Hai Bà Trưng (Hà Nội) cho biết đang củng cố hồ sơ để tạm giữ hình sự một số đối tượng có hành vi gây rối trật tự công cộng, đập phá nhà dân liên quan tranh chấp đất đai ở P.Thanh Lương.",0

"Khắc phục sai sót cập nhật dữ liệu tiêm vắc xin Covid-19 Cả nước đã thực hiện 61 triệu mũi vắc xin Covid-19 đã tiêm, nhưng vẫn còn sai sót trong cập nhật dữ liệu người đã tiêm chủng.",1

"Ám ảnh những ‘thị trấn ma’ ở Trung Quốc Giới phân tích cho rằng ""bom nợ"" Evergrande chỉ là phần nổi của ""quả bom nổ chậm"" trong thị trường bất động sản ở Trung Quốc.",1

Long Nhật nói gì về vụ lập group kêu gọi nghệ sĩ tẩy chay Hồ Văn Cường? Long Nhật phủ nhận tin đồn lập group kêu gọi nghệ sĩ tẩy chay Hồ Văn Cường. Anh cho biết bản thân đang kết nối với các nhà hảo tâm để giúp đỡ con nuôi Phi Nhung.,1

"Người miền Tây dừng cuộc ly hương: Vợ vẫn sau lưng... nhưng đã hóa tàn tro 'Ai ngờ khi về cũng trên chiếc xe đó, cũng vợ ở phía sau nhưng không còn hình hài, chỉ còn hũ tro cốt lạnh ngắt, cũng chẳng còn ai đồng hành quãng đời còn lại', người chồng đau xót đưa vợ về quê miền Tây yên nghỉ.",0

"Phạt nặng tiền để răn đe những người 'làm loạn' trên mạng xã hội Mức phạt lên tới hàng trăm triệu đồng kèm những hình thức phạt bổ sung khác dành cho người lên mạng xã hội phát tán tin sai sự thật, bịa đặt, xúc phạm người khác hoặc làm ảnh hưởng tới trẻ em...",1

"Lịch thi đấu Ngoại hạng Anh hôm nay 16.10: M.U gặp khó ở King Power Lịch thi đấu bóng đá, lịch truyền hình trực tiếp và dự đoán  kết quả vòng 8 Ngoại hạng Anh diễn ra hôm nay 16.10 (theo giờ VN) luôn được cập nhật nhanh và chính xác nhất.",1

"Lái xe máy sang đường ẩu, nữ ninja thoát chết nhờ… ‘bỏ của chạy lấy người’ Điều khiển xe máy sang đường không quan sát, người phụ nữ đã may mắn thoát chết… nhờ bỏ xe chạy thoát thân.",0

"Quyền lực khổng lồ của Mark Zuckerberg đẩy Facebook vào ngõ cụt Tuần trước, cựu nhân viên Frances Haugen tiết lộ CEO Mark Zuckerberg nắm giữ hơn 55% quyền biểu quyết trong công ty.",0

"Windows 11 hỗ trợ cập nhật cho các dòng máy không tương thích Mặc dù khá kiên quyết về các yêu cầu tối thiểu đối với Windows 11, nhưng Microsoft vẫn cho phép người dùng thiết bị không tương thích cài đặt nó và thậm chí hỗ trợ cập nhật với bản vá quan trọng.",1

‘Con dao hai lưỡi’ khi đổ tiền đầu tư cho game NFT Nhiều người nhảy vào đầu tư game NFT khi nhìn thấy nhiều “nhà đầu tư” đi trước nhanh chóng kiếm tiền từ việc chơi game mà không lường trước rủi ro mất trắng.,0

Apple mở rộng chương trình sửa chữa AirPods Pro Apple đang mở rộng chương trình sửa chữa cho AirPods Pro trong 3 năm kể từ ngày bán thay vì chỉ 2 năm như hiện tại.,1

"Doanh số smartphone toàn cầu giảm do khủng hoảng chip Sự khủng hoảng chip toàn cầu đã ảnh hưởng đến gần như mọi ngành công nghiệp phụ thuộc vào linh kiện bán dẫn, từ card đồ họa đến ô tô. Giờ đây, nó thậm chí còn gây hại cho các nhà sản xuất smartphone.",0

Đã kết hôn mới được lái máy bay tuyệt mật nhanh nhất của CIA Máy bay do thám A-12 bay nhanh hơn tên lửa của CIA từng có những yêu cầu khắt khe và đặc biệt trong tuyển dụng phi công.,0

Các nước đang tiêm vắc xin Covid-19 cho trẻ em như thế nào? Tính đến nay có ít nhất 29 quốc gia đã bắt đầu tiêm vắc xin Covid-19 cho trẻ em và có nhiều loại vắc xin được tiêm cho đối tượng này.,1

"Trung Quốc nâng cấp 3 căn cứ không quân lớn gần Đài Loan Các căn cứ không quân của Trung Quốc ở gần Đài Loan được cho là đã nâng cấp thường xuyên, kể cả trong đại dịch Covid-19.",0

"TP.HCM cần mạnh dạn chấp nhận số F0 gia tăng để phục hồi kinh tế Các chuyên gia kinh tế đều nhấn mạnh TP.HCM phải mạnh dạn, chủ động xây dựng chương trình phục hồi và phát triển kinh tế trong giai đoạn tới.",0

"Cơ quan thuế 'soi' bất động sản, chứng khoán... Số thu thuế sụt giảm mạnh trong đợt dịch Covid-19 lần thứ 4 khiến nhà thuế đang “soi” các lĩnh vực như chứng khoán, bất động sản...",1

"Đà Nẵng sẽ triển khai dự án chợ đầu mối lớn nhất khu vực miền Trung - Tây nguyên Ngày 16.10, Văn phòng UBND TP.Đà Nẵng cho biết Chính phủ đã phê duyệt chuyển mục đích sử dụng đất để thực hiện hai dự án lớn là Khu đô thị Phong Nam và Chợ đầu mối Hòa Phước - chợ đầu mối lớn nhất khu vực miền Trung - Tây Nguyên.",1

"Hiệu trưởng mới Trường ĐH Khoa học tự nhiên TP.HCM là một tiến sĩ hóa dược Trường ĐH Khoa học tự nhiên TP.HCM đã có hiệu trưởng là tiến sĩ hóa dược, tốt nghiệp tại một trường ĐH ở Nhật Bản.",1

"Học sinh mong chờ được tiêm đủ hai mũi vắc xin phòng Covid-19 để quay lại trường Trước thông tin Bộ Y tế tổ chức tiêm vắc xin cho trẻ em từ 12 - 17 tuổi, nhiều học sinh cho biết rất mong chờ được tiêm đủ 2 mũi trước khi quay trở lại trường học vào thời gian tới.",1

"Dạy và học trực tuyến: hiệu quả đến đâu? Tôi không phủ nhận việc áp dụng công nghệ một cách chừng mực giúp việc dạy và học có những hiệu quả nhất định. Nhưng chúng chỉ là phương tiện chứ không thể nào thay thế được tri thức, khả năng tương tác, khả năng gầy dựng cảm hứng...",0

Hành trình thủ khoa 'kép' của nữ sinh Hà Tĩnh Một nữ sinh 22 tuổi Hà Tĩnh trở thành thủ khoa đầu ra của Trường ĐH Khoa học xã hội và Nhân văn (ĐH Quốc gia Hà Nội) với số điểm gần như tuyệt đối.,1

"Giao lưu trực tuyến “Tuổi trẻ Việt Nam - Những câu chuyện đẹp” 9 giờ sáng mai (17.10), Trung ương Đoàn TNCS Hồ Chí Minh tiếp tục thực hiện số thứ 2 của chương trình giao lưu trực tuyến “Tuổi trẻ Việt Nam - Những câu chuyện đẹp” với chủ đề “ Thanh niên vững niềm tin với Đảng ”.",1

"'Bí mật' đằng sau những khu vườn trĩu quả do giãn cách xã hội vì dịch Covid-19 Tận dụng tháng ngày giãn cách xã hội, những người trẻ này cùng với người thân của mình 'biến' khu đất quanh nhà thành 'vườn' nông sản trĩu quả. Niềm vui với họ không chỉ có rau, củ quả sạch dùng hàng ngày mà còn những giá trị khác.",0

"Ấn chương triều Nguyễn và chuyện chưa kể Lịch sử Việt Nam đã trải qua bao triều đại cho đến triều đại phong kiến cuối cùng với những kim ấn, bảo tỷ của hoàng tộc; công ấn, tư ấn được phong cấp và sử dụng trong hành chính… lên tới con số vài ngàn.",1

Ban tổ chức Quả cầu vàng vẫn quyết định trao giải dù đài NBC ngưng phát sóng Hiệp hội báo chí nước ngoài tại Hollywood - ban tổ chức giải Quả cầu vàng cho biết sẽ trao các giải thưởng truyền hình và điện ảnh vào tháng 1.2022 mặc dù kênh truyền hình NBC hồi tháng 5.2021 tuyên bố không phát sóng chương trình nữa.,1

"Hoa hậu Jennifer Phạm, á hậu Huyền My đóng phim về cuộc chiến chống Covid-19 Cuộc chiến chống dịch Covid-19 của Việt Nam được đưa lên màn ảnh nhỏ qua series phim trực tuyến Bản mệnh thiên thần (Shipper), với sự tham gia của hoa hậu Jennifer Phạm, á hậu Huyền My, NSƯT Mỹ Duyên, NSƯT Tuyết Thu...",1

"Người đẹp vòng eo con kiến Doãn Hải My tung ảnh... quá khứ, dân mạng phát cuồng Người đẹp tài năng Hoa hậu Việt Nam 2020 Doãn Hải My khiến hàng triệu fan nức lòng vì dáng kiều thướt tha trong tà áo dài và khuôn mặt xinh đẹp, thơ ngây… phát hờn!",1

"Bị 'réo tên' vụ tiền từ thiện, Nhật Kim Anh lập tức đăng clip sao kê Nhật Kim Anh nhanh chóng đến ngân hàng thực hiện sao kê minh bạch tài chính sau khi vướng vào lùm xùm tiền từ thiện.",1

Vợ chồng Thúy Diễm - Lương Thế Thành tung sao kê vụ kêu gọi từ thiện Thúy Diễm sẵn sàng gửi sao kê cho các nhà hảo tâm và cơ quan có thẩm quyền để chứng minh sự trong sạch của mình trong việc làm từ thiện.,0

"Trực tiếpKết quả Ngoại hạng Anh, Man City 1-0 Burnley, Premier League: Silva mở tỷ số Man City chạm trán Burnley ở vòng 8 giải bóng đá Ngoại hạng Anh diễn ra lúc 21 giờ hôm nay (16.10) với mục tiêu giành trọn 3 điểm để tiếp tục đua tranh ngôi đầu bảng xếp hạng. Trận đấu này được trực tiếp trên thanhnien.vn.",0

Tuyển Indonesia gặp khó khi Trung Quốc rút khỏi vòng loại Giải U.23 châu Á Tuyển U.23 Indonesia phải đối mặt với tình thế khó khăn trước trận vòng loại giải U.23 châu Á 2022 với Úc sau khi bảng G chỉ còn 2 đội do Trung Quốc rút lui.,1

"Kết quả Ngoại hạng Anh, Watford 0-5 Liverpool: Mưa bàn thắng tại Vicarage Road! Liverpool với các bàn thắng của Mane, Firmino (hat-trick) và Salah đã dễ dàng đánh bại đội chủ sân Vicarage Road của Watford ngay trong ngày ra mắt của tân HLV Claudio Ranieri.",1

"Vui mừng vì được đón về quê, người Thái Bình hát vang bài 'nắng ấm quê hương' 1.391 người dân ở TP.HCM, Đồng Nai, Bình Dương và Long An được tỉnh Thái Bình tổ chức đón về quê bằng tàu hỏa.",0

"Thượng tá bị trêu 'có bồ trong Nam' vì 3 lần xung phong đón dân về quê Cả 3 lần Quảng Trị tổ chức đoàn vào miền Nam để đón dân về quê, thượng tá Lê Mạnh Hùng (Phó phòng CSGT, Công an tỉnh Quảng Trị) đều xung phong tham gia và giữ vai trò phó trưởng đoàn… đến mức bị trêu 'có bồ trong miền Nam'.",1

"Ngày đầu hàng quán Đà Nẵng bán tại chỗ: Thấy khách đội mưa đến, mừng... muốn khóc Sáng đầu tiên TP.Đà Nẵng cho phép hàng quán phục vụ khách tại chỗ, dù trời mưa nhưng người dân vẫn hào hứng đi cà phê, ăn sáng tại chỗ sau nhiều tháng gián đoạn.",1

"Hôn nhân mâu thuẫn, chồng dùng dao cắt đứt ‘của quý’ Do gặp mâu thuẫn trong hôn nhân, một người đàn ông 48 tuổi ở Kenya đã dùng dao cắt đứt 'của quý' của mình. Nhưng khoảng 16 tiếng sau, ông đã chạy đến bệnh viện nhờ bác sĩ nối lại.",1

"Có 29 triệu liều vắc xin Covid-19, Bộ Y tế yêu cầu tiêm ít nhất 2 triệu liều/ngày Bộ Y tế cho biết cả nước đã tiêm hơn 58 triệu liều vắc xin và khoảng 29 triệu liều chưa tiêm, đề nghị các địa phương đẩy nhanh tiến độ tiêm chủng, tổ chức tiêm vắc xin cho trẻ em theo hướng dẫn.",1

"Bộ Y tế: Chú trọng giám sát Covid-19 người về từ TP.HCM và 3 tỉnh phía nam Hôm nay, 15.10, Bộ Y tế có Công văn số 8718/BYT-DP (Công văn 8718) gửi UBND các tỉnh, thành phố đề nghị tăng cường giám sát người về từ các khu vực có dịch Covid-19.",1

"'Soi' chi tiết tính năng trên VinFast VF e34 tại Việt Nam Ô tô điện VinFast VF e34 có mức giá dễ chịu, trang bị nhiều tính năng mang hơi hướng công nghệ hiện đại, phù hợp với nhu cầu sử dụng hàng ngày trong đô thị.",0

"SUV đô thị: Đông nhưng ‘kém vui’, KIA Seltos và Toyota Corolla Cross đua song mã Cùng với KIA Seltos, hầu hết mẫu SUV đô thị tại Việt Nam đều ghi nhận doanh số tăng trong tháng 9.2021. Tuy nhiên, phân khúc này chưa thực sự “nóng” như kỳ vọng khi vẫn chỉ là cuộc đua song mã giữa KIA Seltos và Toyota Corolla Cross.",1

"Xe gia đình cỡ nhỏ: Suzuki XL7 nhảy vọt, KIA Rondo và Toyota Avanza sắp bỏ cuộc Sau tháng 8.2021 chứng kiến mức doanh số thấp chưa từng có, phân khúc xe gia đình cỡ nhỏ tại Việt Nam đã đồng loạt tăng trưởng trở lại. Trong đó, Suzuki XL7 là mẫu xe hút khách nhất khi bán ra gần 300 xe.",0

"Bà bầu xúc động được lên chuyến bay miễn phí về Quảng Ngãi thăm mẹ Sáng 16.10.2021, nhiều thai phụ đã tới sân bay Tân Sơn Nhất chờ làm thủ tục lên máy bay. Họ là những công dân Quảng Ngãi được tấm vé máy bay miễn phí trở về quê hương sau khi dịch bệnh Covid-19 ở TP.HCM bớt căng thẳng.",1

"Ba phi hành gia Trung Quốc rời trái đất lên xây trạm không gian Trung Quốc vào hôm 16.10 đã phóng một tàu vũ trụ mang theo ba phi hành gia, trong đó có một phụ nữ, lên mô đun chính trên trạm vũ trụ trong tương lai.",1

"Giám đốc Sở Y tế TP.HCM: TP.HCM tạm được đánh giá là vùng cam Tại buổi livestream ‘Dân hỏi - Thành phố trả lời’ tối 15.10, PGS-TS Tăng Chí Thượng, Giám đốc Sở Y tế TP.HCM tạm đánh giá TP.HCM đang hiện thuộc vùng cam. TP.HCM có thể chuyển qua vùng vàng, nhưng nếu người dân không tuân thủ sẽ thành vùng đỏ.",1

"Bộ Y tế: Chú trọng giám sát Covid-19 người về từ TP.HCM và 3 tỉnh phía nam Hôm nay, 15.10, Bộ Y tế có Công văn số 8718/BYT-DP (Công văn 8718) gửi UBND các tỉnh, thành phố đề nghị tăng cường giám sát người về từ các khu vực có dịch Covid-19.",0

"Ngày 15.10 có 3.797 ca nhiễm Covid-19 tại 47 tỉnh, thành Chiều nay, 15.10, Bộ Y tế thông báo 3.797 ca nhiễm Covid-19 mới tại 47 tỉnh, thành; riêng TP.HCM có 1.131 ca.",1

"Bản tin tình hình Covid-19 hôm nay 15.10: Dòng người đang quay lại TP.HCM, Bình Dương, Đồng Nai Bản tin tình hình Covid-19 hôm nay của Báo Thanh Niên trực tiếp lúc 20 giờ ngày 15.10.2021 tại địa chỉ thanhnien.vn, YouTube, Facebook của Báo Thanh Niên, trang Báo Thanh Niên trên 2 mạng xã hội Lotus và TikTok.",0

"Từ ngày mai 16.10 người dân được tắm biển Nha Trang, chơi thể thao ngoài trời Chiều 15.10, UBND tỉnh Khánh Hòa có văn bản triển khai giai đoạn 2 kế hoạch thích ứng an toàn trong phòng chống dịch Covid-19 và phục hồi phát triển kinh tế, xã hội.",0

"Trưởng Ban kỷ luật VFF bất ngờ nói về VAR và cảnh báo cầu thủ Việt Nam ‘Các CLB mà không rèn cứ để cầu thủ mắc lỗi thành thói quen, khi thi đấu quốc tế, trọng tài có bỏ qua thì VAR cũng không bỏ qua cho đâu. Vòng loại thứ 3 World Cup 2022 đã cho thấy rõ điều ấy’.",1

Phim Hương vị tình thân tập 57 phần 2: Thy có dám tố cáo lão Tấn? Phim Hương vị tình thân tập 57 phần 2: Long thu thập bằng chứng và nhân chứng từ Chiến “chó”; Lão Tấn đe dọa Thy…,1

"Trung Quốc rút khỏi vòng loại giải U.23 châu Á, bảng đấu chỉ còn 2 đội Tuyển U.23 Trung Quốc đã bất ngờ rút khỏi vòng loại giải vô địch U.23 châu Á 2022 được tổ chức tại Tajikistan.",1

'Solo cùng bolero' tổ chức đêm nhạc tri ân cố ca sĩ Phi Nhung Đơn vị sản xuất Solo cùng bolero cho biết sẽ tổ chức đêm nhạc mang tên Nhớ Nhung để tri ân những đóng góp của cố ca sĩ Phi Nhung cho chương trình trong suốt 7 mùa vừa qua.,0

Xem trực tiếp tuyển U.23 Việt Nam tranh tài vòng loại U.23 châu Á trên kênh nào? Tuyển U.23 Việt Nam sẽ tranh tài bảng I vòng loại U.23 châu Á 2022 diễn ra tại Kygryzstan từ ngày 27.10 đến 2.11. Người hâm mộ Việt Nam được xem trực tiếp toàn bộ các trận đấu của thầy trò HLV Park Hang-seo tại giải đấu này.,1

Microsoft đóng cửa LinkedIn tại Trung Quốc Phiên bản tiếng Trung Quốc của LinkedIn sẽ ngừng hoạt động vào cuối năm nay với nguyên nhân bắt nguồn từ “một môi trường hoạt động thách thức hơn đáng kể và các yêu cầu tuân thủ cao hơn”.,1

"VinFast VF e34 chính thức tung ra thị trường Việt Nam Ô tô điện VinFast VF e34 chính thức mở bán tại thị trường Việt Nam, hệ thống trạm sạc điện cho xe trên toàn quốc cũng đã sẵn sàng hoạt động.",1

"Giá heo hơi hôm nay 15.10.2021: Nhiều tỉnh thành miền Trung, miền Nam giảm thêm 4.000 đồng/kg Giá heo hơi tiếp tục giảm trên diện rộng tại nhiều tỉnh thành khu vực miền Trung và miền Nam, mức giảm sâu nhất lên đến 3.000 - 4.000 đồng/kg.",1

"Thanh toán trực tuyến gia tăng là 'mồi ngon' cho tin tặc Hãng bảo mật Kaspersky vừa tổ chức sự kiện Cybersecurity Weekend dưới hình thức online, chia sẻ những thói quen và rủi ro của người dùng dịch vụ thanh toán trực tuyến đang ngày càng gia tăng trong khu vực.",1

"Facebook mở khóa hệ thống cho kính thực tế ảo Oculus Go Facebook hiện đã mở khóa Oculus Go để người dùng có thể tìm hiểu, giúp chủ sở hữu có nhiều quyền truy cập hơn vào thiết bị.",0

Nhiều nước kêu gọi Myanmar để đặc phái viên ASEAN gặp bà Suu Kyi Cộng đồng quốc tế vừa ra tuyên bố chung hối thúc Myanmar cho phép đặc phái viên của ASEAN được đến nước này để gặp các quan chức của chính quyền trước chính biến.,1

43.000 người có thể đã nhận kết quả xét nghiệm Covid-19 sai tại Anh Cơ quan chức năng của Anh đã tạm đình chỉ hoạt động một phòng thí nghiệm vì nghi cung cấp kết quả xét nghiệm PCR âm tính không chính xác cho khoảng 43.000 người.,1

"Nga chỉ trích liên minh AUKUS đẩy mạnh chạy đua vũ trang Quan chức cấp cao Bộ Ngoại giao Nga vừa cảnh báo liên minh AUKUS giữa Anh, Mỹ và Úc thúc đẩy cuộc chạy đua vũ trang và có thể dẫn đến sự leo thang căng thẳng quốc tế.",0

Dịch Covid-19 kéo giảm tỷ suất sinh lời của các doanh nghiệp Mặc dù nhiều doanh nghiệp vẫn đạt lợi nhuận nhưng đại dịch Covid-19 bắt đầu xuất hiện từ năm 2020 đã gây ra các khó khăn và làm giảm tỷ suất sinh lời bình quân.,0

"Đồng Nai: 82% doanh nghiệp trong KCN hoạt động trở lại, người lao động tăng từng ngày 82% doanh nghiệp trong các KCN ở Đồng Nai đã hoạt động trở lại. Do tốc độ phục hồi nhanh nên nhu cầu lao động cũng tăng lên hàng ngày.",0

"Thêm 20 chợ ở quận 3, 8, Bình Thạnh, Tân Bình… mở bán trở lại Tính đến 10 giờ sáng nay (15.10), TP.HCM có 68/234 chợ truyền thống đã mở cửa hoạt động trở lại. Trong đó, có 35 chợ hạng 3, 21 chợ hạng 2 và 12 chợ hạng 1.",0

"Đại học Huế đặt mục tiêu phát triển thành Đại học Quốc gia Đại học Huế đã tổ chức lễ khai giảng năm học 2021 - 2022, bằng hình thức kết nối trực tuyến với các trường thành viên và các khoa trực thuộc.",0

"TP.HCM có phòng quản lý trường ngoài công lập Ngày 15.10, Sở GD- ĐT TP.HCM công bố quyết định thành lập phòng Quản lý cơ sở giáo dục ngoài công lập. Đồng thời có các quyết định bổ nhiệm, thuyên chuyển công tác năm học 2021- 2022.",0

"Hà Nội: Tiếp tục học trực tuyến, chuẩn bị phương án tiêm vắc xin cho học sinh Sở GD-ĐT Hà Nội yêu cầu tiếp tục thực hiện việc dạy và học bằng hình thức trực tuyến cho đến khi có thông báo mới, đồng thời có phương án chuẩn bị tổ chức tiêm vắc xin cho học sinh.",0

"Tình nguyện viên chăm sóc chó mèo cho người bị F0 Bên cạnh công việc tại khu cách ly tập trung ở Q.8, TP.HCM, một nữ tình nguyện viên nhận thêm nhiệm vụ đặc biệt là chăm sóc chó mèo cho bệnh nhân Covid-19.",1

"Á hậu Lào 2019 học đại học ở Việt Nam, giỏi tiếng Việt, yêu Hà Nội Xanita Savengxok, Á hậu 2 cuộc thi Hoa hậu Thế giới Lào 2019 hiện là sinh viên năm thứ 2 Trường ĐH Công nghệ giao thông vận tải (cơ sở Hà Nội), với mơ ước trở thành một nhân viên vận hành đường sắt giỏi.",0

"Bác sĩ chi viện chống dịch và điều cảm động ở Sài Gòn Bác sĩ Long bất ngờ khi nhận được phần ăn trưa ở bệnh viện. Trên hộp cơm có lời nhắn dễ thương 'Anh gì đó ơi, anh tuyệt nhất trên đời luôn ạ'. Vào chi viện Sài Gòn chống dịch, anh càng thêm thương và yêu TP này.",1

"Nhà thiết kế Diego Chula nổi tiếng yêu thổ cẩm Việt Nam qua đời ở tuổi 49 Nhà thiết kế Diego Chula - một người Tây Ban Nha sinh sống ở Việt Nam nhiều năm, nổi tiếng với các bộ sưu tập trang phục thổ cẩm, vừa qua đời do đột quỵ ở Hà Nội.",1

Dự án điện ảnh chuyển thể tiểu thuyết 'Tấm ván phóng dao' đoạt giải tại LHP Busan Dự án phim điện ảnh đầu tay của đạo diễn trẻ Nguyễn Phan Linh Đan chuyển thể tiểu thuyết Tấm ván phóng dao của nhà văn Mạc Can vừa đoạt giải tại APM - Chợ dự án châu Á trong khuôn khổ LHP quốc tế Busan (Hàn Quốc).,0

"Những chuyện chưa kể về Tây du ký: Những hồi truyện bị nghi là ngụy tác Lai lịch của Đường Tăng là bốn kiếp nạn đầu tiên trong số 81 nạn. Dù nói thế nào đi nữa, sự thiếu vắng của chúng vẫn hết sức khó chấp nhận. Trên thực tế giới nghiên cứu đối với các bản Tây du ký hiện lưu hành có rất nhiều tranh luận. Không ít ý kiến cho rằng một số phần trong Tây du ký hiện nay không phải là nguyên tác của Ngô Thừa Ân . Thậm chí chính Ngô Thừa Ân cũng không phải là tác giả Tây du ký.",1

"Trương Minh Cường và loạt sao nam chia tay vợ ở Mỹ Sau khi kết hôn, một số sao nam quyết định cùng vợ sang Mỹ định cư, có người chọn đi về giữa hai nơi. Tuy nhiên, chỉ sau vài năm, hôn nhân của họ đều tan vỡ gây tiếc nuối cho khán giả.",0

Jack bất ngờ ‘bay màu’ khỏi poster 'Running Man Vietnam' Jack 'biến mất' khỏi poster 'Running Man Vietnam' mùa 2 sau thời gian lùm xùm đời tư.,1

"Bích Phương tiết lộ về mối tình khiến cô ân hận đến hiện tại Bích Phương từng không dũng cảm nói lời chia tay với người bạn trai ngoài Hà Nội. Nhiều năm trôi qua, mối tình này vẫn khiến nữ ca sĩ bị dằn vặt.",0

"Loại tay vợt Pháp, Lý Hoàng Nam vào bán kết giải quần vợt nhà nghề Ai Cập Tay vợt số 1 Việt Nam Lý Hoàng Nam đang thi đấu ấn tượng tại giải quần vợt nhà nghề M15 Sharm El Sheikh tại Ai Cập khi đoạt vé vào bán kết.",1

"Messi tố trọng tài người Brazil bắt ép tuyển Argentina vì mối thù từ Copa America Siêu sao Lionel Messi đã chỉ trích kịch liệt trọng tài người Brazil, Wilton Pereira Sampaio sau trận tuyển Argentina thắng nhọc nhằn Peru 1-0 sáng 15.10 tại vòng loại World Cup 2022 khu vực Nam Mỹ.",0

"Áp lực lại đè nặng HLV Li Tie, tuyển Trung Quốc được xem xét đá sân nhà Các nhà chức trách bóng đá Trung Quốc đang cân nhắc cho phép tuyển quốc thi đấu vòng loại thứ 3 World Cup 2022 trên sân nhà thay vì tại các địa điểm trung lập.",0

"Những bà mẹ ở 'nhà trọ ung thư' trụ lại TP.HCM xúc động tình người đất khách 3 người mẹ đi tìm sự sống cho con mắc ung thư vô tình gặp nhau rồi trở thành một gia đình. Trong cơn phong ba Covid-19 quét qua TP.HCM, họ rơi nước mắt vì tình nghĩa của những người dưng.",0

"Thêm 600 người ở TP.HCM được Thừa Thiên - Huế đón về quê: Vui khi về nhà Thêm 600 công dân là người già, trẻ em, người có bệnh và phụ nữ mang thai đã được tỉnh Thừa Thiên- Huế đón về quê bằng tàu hỏa.",1

"Vì sao thành phố mỏ Cẩm Phả cứ mưa là ngập? Dù nằm ven biển nhưng gần đây cứ sau mỗi trận mưa lớn là các tuyến đường nội đô của TP.Cẩm Phả (Quảng Ninh) lại ngập lụt, ảnh hưởng tới cuộc sống người dân.",1

"Tiêm vắc xin Covid-19 cho trẻ em: Nhóm 16-17 tuổi tiêm trước Ngày 14.10, Bộ Y tế có Văn bản số 8688/BYT-DP hướng dẫn về việc “tiêm phòng vắc xin phòng Covid-19 cho trẻ em từ 12 - 17 tuổi” gửi UBND các tỉnh, thành.",0

Thêm bằng chứng cho thấy vai trò quan trọng của việc tiêm vắc xin Covid-19 Nghiên cứu mới cho thấy những người chưa tiêm chủng ít có nguy cơ nhiễm Covid-19 hơn nếu các thành viên còn lại trong gia đình đã có miễn dịch chống lại vi rút.,1

Đau mỏi cơ kéo dài sau Covid-19 Đau mỏi cơ kéo dài sau nhiễm Covid-19 là một tình trạng chiếm khoảng 20-30% các triệu chứng dai dẳng sau Covid-19.,0

"SUV đô thị: Đông nhưng ‘kém vui’, KIA Seltos và Toyota Corolla Cross đua song mã Cùng với KIA Seltos, hầu hết mẫu SUV đô thị tại Việt Nam đều ghi nhận doanh số tăng trong tháng 9.2021. Tuy nhiên, phân khúc này chưa thực sự “nóng” như kỳ vọng khi vẫn chỉ là cuộc đua song mã giữa KIA Seltos và Toyota Corolla Cross.",0

"Xe gia đình cỡ nhỏ: Suzuki XL7 nhảy vọt, KIA Rondo và Toyota Avanza sắp bỏ cuộc Sau tháng 8.2021 chứng kiến mức doanh số thấp chưa từng có, phân khúc xe gia đình cỡ nhỏ tại Việt Nam đã đồng loạt tăng trưởng trở lại. Trong đó, Suzuki XL7 là mẫu xe hút khách nhất khi bán ra gần 300 xe.",0

"Giảm giá xả hàng, KIA Cerato bán chạy nhất phân khúc sedan hạng C Trong tháng bán hàng trước khi nhường chỗ cho K3, động thái giảm giá, xả hàng từ các đại lý giúp doanh số KIA Cerato tăng 22%, qua đó tiếp tục dẫn đầu phân khúc sedan hạng C tại Việt Nam.",1

"Nóng lòng lên tàu miễn phí ở ga Sài Gòn về quê thăm mẹ già 93 tuổi Nhiều tháng bị mắc kẹt ở TP.HCM do dịch bệnh Covid-19 nên khi được tỉnh Ninh Bình hỗ trợ đưa về quê, nhiều người đã tới ga Sài Gòn từ sớm để chờ lên tàu miễn phí về quê.",1

"Bối rối ở chốt kiểm soát Covid-19 vì thực hiện Nghị quyết 128 “mỗi nơi một kiểu” Sau khi Chính phủ ban hành hướng dẫn Nghị quyết 128, nhiều địa phương đã nhanh chóng chuyển trạng thái thích ứng bình thường mới với Covid-19, nhưng không ít tỉnh, thành vẫn chưa “chuyển màu”, mỗi nơi một kiểu.",1

"Bệnh viện Bạch Mai bàn giao Trung tâm hồi sức bệnh nhân Covid-19 trước ngày rời TP.HCM Covid-19, Trung tâm hồi sức tích cực người bệnh covid-19, bệnh viện dã chiến số 16, lễ bàn giao, bệnh viện Bạch Mai, Covid-19 TP.HCM, Covid-19 ngày 15/10, tin tức về Covid-19",1

"Đại tá Đinh Văn Nơi: Xử lý cán bộ, đảng viên liên quan vụ đánh bạc 2.000 tỉ đồng bất kể là ai Đại tá Đinh Văn Nơi, Giám đốc Công an tỉnh An Giang, cho biết sẽ xử lý đến nơi, đến chốn đối với cán bộ, đảng viên tiếp tay cho đường dây đánh bạc 2.000 tỉ đồng.",1

"Một Phú Quang ‘phía sau hào quang’ qua lời kể của anh trai Phú Ân Nhạc sĩ Phú Ân đã rất đau xót khi nhận tin em trai Phú Quang ra đi. “Tôi cũng đang nằm viện, chiều qua muốn đi thăm Quang nhưng bác sĩ ngăn lại vì bệnh tình của tôi không cho phép”, nhạc sĩ Phú Ân đau buồn chia sẻ.",0

"Vụ kẻ đang chờ thi hành án, đâm người, đốt xe: Nhiều mẫu máu tại hiện trường Thiếu nữ 17 tuổi mà bị án chở bằng xe máy rời khỏi hiện trường hiện vẫn chưa được tìm thấy. Nhân chứng cho biết, trước đó thấy nạn nhân nằm cạnh xe máy đang cháy.",1

"Sai phạm tại SAGRI: Bị cáo Lê Tấn Hùng khai gì tại tòa? Trong phiên tòa xét xử sai phạm tại SAGRI, bị cáo Lê Tấn Hùng khai không có chủ đích hưởng lợi số tiền 13,3 tỉ đồng, mong HĐXX xem xét về tội danh ""tham ô tài sản"" mà đại diện Viện KSND truy tố.",1

"Học sinh TP.HCM học trực tiếp, ngành y tế nói gì? Không để học sinh hoang mang, lo lắng là lưu ý của ngành y tế khi tập huấn trực tuyến cho giáo viên gần 2.000 trường học từ mầm non đến THPT về công tác phòng, chống dịch khi học sinh học trực tiếp.",1

"Nguyệt Ánh: Tôi bị ‘khớp’ khi đóng ‘cảnh nóng’ với Lương Thế Thành Nguyệt Ánh hé lộ chuyện hậu trường khi đóng ""cảnh nóng"" với Lương Thế Thành. Dù đã diễn chung 17 năm nhưng cả hai luôn ngại ngùng trong những phân cảnh thân mật.",1

Hoa hậu Thùy Tiên bị chê xấu: Cần có góc nhìn cởi mở hơn về cái đẹp! Nhiều người trẻ tỏ ra không đồng tình trước việc Hoa hậu Hòa bình quốc tế 2021 Nguyễn Thúc Thùy Tiên bị chê xấu trên mạng xã hội và bày tỏ quan điểm cần có góc nhìn cởi mở hơn về cái đẹp ở thế kỷ 21.,0

"Cặp đôi trộm điện thoại trong shop quần áo, bỏ chạy làm rơi trẻ nhỏ xuống đường Mới đây mạng xã hội chia sẻ đoạn clip ghi lại hình ảnh vụ trộm điện thoại trong shop của đôi nam nữ chở theo một đứa trẻ. Khi bỏ chạy, họ giằng co với chủ shop khiến đứa bé ngã sõng soài xuống đường.",1

"Trung vệ cao 2 m người Anh đã hội quân, tuyển Indonesia chờ tin vui từ Slovakia Chủ tịch Liên đoàn Bóng đá Indonesia (PSSI) Mochamad Iriawan cho biết đang đàm phán với CLB FK Senica (Slovakia) để đội này nhả tài năng Egy Maulana Vikri về kịp đá trận gặp Việt Nam và Malaysia tại AFF Cup 2020.",0

"Giải vô địch U.21 quốc gia: Bảng B đá tiếp từ ngày 10.12, VCK lùi 3 ngày Chiều nay, Liên đoàn bóng đá Việt Nam và Ban tổ chức giải đã có thông báo số 7 cho biết 4 lượt trận còn lại của bảng B vòng loại giải bóng đá U.21 vô địch quốc gia Thanh Niên lần thứ 25 năm 2021 sẽ tiếp tục diễn ra bắt đầu từ ngày 10.12 và kết thúc ngày 16.12.",0

Trung Quốc cảnh báo Canada sẽ gặp rắc rối nếu cấm 5G của Huawei Lệnh cấm 5G của Huawei sẽ “gửi một tín hiệu mạnh mẽ” cho các nhà đầu tư và công ty Trung Quốc rằng Canada là nơi không có lợi cho kinh doanh.,0

"Sốt đất bất thường ở Vũng Áng: Một mét đất mua được xe Kia Morning Đến các khu dân cư ở vùng gần Khu kinh tế Vũng Áng (TX.Kỳ Anh, Hà Tĩnh) hầu như chỉ thấy người dân bàn tán về chuyện giá đất sốt cao bất thường, đến nỗi họ phải thốt lên “giờ bán một mét đất mua được xe Kia Morning”.",1

Giá USD hôm nay 8.12.2021: Thị trường tự do tăng mạnh Giá USD sáng 8.12 tiếp tục tăng ở một số ngân hàng thương mại và thị trường tự do.,1

"Sau lệ phí trước bạ, doanh nghiệp ô tô ‘nội’ tiếp tục hưởng lợi từ chính sách Cùng với việc được giảm 50% lệ phí trước bạ, bắt đầu từ tháng 12.2021 ô tô lắp ráp, sản xuất trong nước tiếp tục được gia hạn thời gian nộp thuế tiêu thụ đặc biệt theo nội dung Nghị định 104/2021/NĐ-CP.",1

"Quy mô dự án đang gây cơn sốt đất ở TP.Đông Hà như thế nào? Sau gần 1 tháng trúng đấu giá, quyền sử dụng đất Dự án Khu đô thị TM-DV nam Đông Hà do Công ty TNHH Vận hành Vincom Retail (thuộc Tập đoàn Vingroup) đã được UBND tỉnh Quảng Trị phê duyệt, công nhận. Đây là dự án đang tạo nên cơn sốt đất ở địa phương ngay khi đang ở “trên giấy”.",1

Tổng tham mưu trưởng quân đội Ấn Độ thiệt mạng trong vụ rơi trực thăng Không quân Ấn Độ đã xác nhận Tổng tham mưu trưởng Bipin Rawat cùng phu nhân Madhulika là hai trong số 13 người thiệt mạng trong vụ rơi trực thăng ngày 8.12.,0

"Chuyên gia: Đừng nên vui mừng quá sớm khi Omicron chỉ gây ra những ca bệnh nhẹ Hiện chưa có trường hợp tử vong nào do biến thể Omicron gây ra, nhưng các chuyên gia cảnh báo rằng việc có khả năng lây lan nhanh chóng không có nghĩa là độc lực virus đã giảm.",0

Dự đoán mới của tỉ phú Bill Gates về đại dịch Covid-19 Tỉ phú Bill Gates lạc quan về năm 2022 khi cho rằng đại dịch Covid-19 sẽ qua giai đoạn “cấp tính”.,0

"Mở cửa du lịch, doanh nghiệp vẫn gặp khó Việc mở cửa lại bay quốc tế và du lịch tại VN không thể chậm trễ thêm nữa, nếu không sẽ để lỡ cơ hội cạnh tranh điểm đến với các nước trong khu vực...",0

"Tăng cường hỗ trợ nông dân sản xuất lúa và trái cây Hôm nay 8.12, tại ba đầu cầu Hà Nội, Đồng Tháp và TP.HCM diễn ra Lễ ký kết trực tuyến triển khai Chương trình hợp tác sử dụng thuốc bảo vệ thực vật an toàn và hiệu quả giữa Cục Bảo vệ thực vật, Sở Nông nghiệp và Phát triển nông thôn tỉnh Đồng Tháp và Hiệp hội CropLife Việt Nam.",0

Acecook chủ động và tự nguyện thu hồi sản phẩm bán tại thị trường Pháp Công ty CP Acecook Việt Nam đã có những thông tin xoay quanh lô hàng mì ăn liền bị thu hồi tại Pháp.,0

"Đà Nẵng: Nếu phụ huynh trẻ lớp 1 không đồng tình sẽ dừng việc cho đến trường Lãnh đạo TP.Đà Nẵng yêu cầu ngành GD-ĐT phải lắng nghe ý kiến người dân trong việc để trẻ lớp 1 đến tường, nếu phụ huynh chưa đồng tình thì phải cân nhắc lại.",0

"Vì sao TP.HCM tạm hoãn cho học sinh lớp 1 và trẻ mầm non đến trường? Ông Nguyễn Văn Hiếu, Giám đốc Sở GD-ĐT TP.HCM, cho biết do chưa nhiều phụ huynh đồng thuận cho con đi học lại nên Sở đã cân nhắc, đề xuất lại việc đi học của học sinh lớp 1 và trẻ mầm non.",1

"Thông tin mới nhất về việc đi học lại của học sinh lớp 1, trẻ mầm non TP.HCM đã có thông báo mới nhất về việc mở cửa trường học tổ chức cho học sinh đi học trở lại sau thời gian ngừng đến trường vì dịch Covid-19",0

Chiếc ống hút cỏ bàng ‘làm nên chuyện lớn’ ở Mỹ Ống hút cỏ bàng của Việt Nam đã 'làm nên chuyện lớn' ở đấu trường Mỹ khi trở thành quán quân cuộc thi khởi nghiệp toàn cầu VietChallenge 2021.,0

"Cô gái Việt hát Quốc ca trận Việt Nam - Lào tại Singapore: ‘Ai cũng xúc động’ 'Quốc ca vang lên, tất cả chúng tôi đều hát. Vì dịch bệnh, nhiều người chưa về được quê hương. Tất cả đều rất xúc động, nhớ nhà…', cô gái Việt có mặt ở sân Bishan, Singapore xem trận Việt Nam - Lào tại AFF Cup kể lại.",0

"Bạn trẻ mê mẩn 'check-in' với hoa dã quỳ nở rộ ở miền tây Quảng Trị Nhiều bạn trẻ rủ nhau vượt hàng chục km tìm đến 'check-in', chụp ảnh khi hoa dã quỳ nở rộ khắp các tuyến đường đi vào xã Hướng Phùng (H.Hướng Hóa, tỉnh Quảng Trị).",0

"Nhạc sĩ Phú Quang qua đời Bà Trịnh Anh Thư, vợ nhạc sĩ Phú Quang, nghẹn ngào chia sẻ với Thanh Niên, nhạc sĩ Phú Quang vừa qua đời lúc 8 giờ 45 sáng nay 8.12, tại Bệnh viện Việt - Xô (Hà Nội) sau thời gian lâm bệnh nặng.",0

"Vì sao vịt uyên ương là biểu tượng của chung thủy và hạnh phúc lứa đôi? Có một thời, giới chơi thú cảnh ở Việt Nam, đặc biệt là Sài Gòn, xôn xao về vịt uyên ương, có người bỏ chục triệu đồng để mua một cặp vịt rồi thả trong hồ cảnh vườn nhà mình, say mê ngắm ngày này sang ngày nọ.",1

"Hàn Quốc chinh phục thế giới bằng webtoon và phim ảnh Loạt phim được xem trực tuyến nhiều nhất vào cuối tháng 11 Hellbound từng xuất hiện dưới định dạng truyện tranh trên internet (webtoon), dành cho điện thoại thông minh.",0

"‘Tại sao Triệu Vy bị phong sát?’ được 'hỏi' nhiều trên Google năm 2021 Ồn ào liên quan đến 'Én nhỏ' nằm trong số những vấn đề được dân mạng tìm kiếm nhiều nhất trên Google năm 2021. Theo đó, câu hỏi “Tại sao Triệu Vy bị phong sát?” được rất nhiều người Việt tìm kiếm đáp án trên nền tảng này.",0

"Việt Hương chia sẻ xúc động trước ngày giỗ cố nghệ sĩ Chí Tài Việt Hương nói đến hiện tại, cô vẫn không tin Chí Tài qua đời mà chỉ nghĩ đàn anh đang đi lưu diễn ở xa.",0

"Travis Scott phủ nhận mọi cáo buộc về thảm kịch giẫm đạp 10 người chết Đây là động thái đầu tiên của nam rapper về vụ kiện liên quan đến thảm kịch Astroworld, khiến 10 người chết.",1

"Kết quả Singapore 2-1 Philippines, AFF Cup 2020: Chủ nhà rộng cửa vào bán kết Đội chủ nhà Singapore đã có chiến thắng thứ 2 tại bảng A AFF Cup 2020 sau khi vượt qua đối thủ khó chịu Philippines trong trận đấu đầy kịch tính từ đầu đến cuối trận.",0

HLV tuyển Malaysia nhẹ nhõm khi nhận được ‘phao cứu sinh’ trước trận gặp Việt Nam HLV Tan Cheng Hoe của tuyển Malaysia có thể thở phào nhẹ nhõm khi đơn xin thay đổi thủ môn cuối cùng đã được Liên đoàn Bóng đá Đông Nam Á (AFF) chấp thuận.,1

"Tuyển Việt Nam phá lệ tại Singapore vì những người hâm mộ quá đỗi nhiệt tình Thủ quân Quế Ngọc Hải, thủ môn Tấn Trường được ban huấn luyện tuyển Việt Nam bật đèn xanh cho ""giao lưu"" với những người hâm mộ hết sức nhiệt tình.",0

"Người Sài Gòn mưu sinh giữa triều cường: ‘Dịch bán ế lắm rồi, ngập thê thảm luôn’ Chiều tối 7.12, triều cường tiếp tục dâng cao trên đường Trần Xuân Soạn (Q.7, TP.HCM) khiến nhiều người dắt xe lội bì bõm giữa mênh mông biển nước. Người dân buôn bán, mưu sinh ở đây lại thở dài: ""Hôm nay lại một ngày ế!"".",0

"Vay nặng lãi từ bạn đồng hương, một sinh viên bị 'khủng bố' để đòi nợ Một nữ sinh viên vay của một sinh viên khác 12 triệu đồng (cả 2 đều ở Bình Định, học tại TP.HCM) vào tháng 3, đến tháng 8 đã trả 168 triệu đồng vẫn bị đòi nợ 125 triệu đồng.",0

"Tháng cuối năm 2021: Tiểu thương chợ Bà Chiểu ‘mong Tết sum vầy hơn là sung túc’ Sau thời gian dài nghỉ bán phòng dịch Covid-19, tiểu thương chợ Bà Chiểu (TP.HCM) vẫn phải gồng... chờ khách. Với nhiều người ""năm nay xem như bỏ"", họ không mong một cái tết sung túc nhưng ""phải thật sum vầy”.",0

"Tác hại khôn lường khi không giặt khẩu trang vải thường xuyên Khẩu trang vải có thể tái sử dụng nhiều lần. Do đó, nếu không giặt thường xuyên, khẩu trang vải có thể tích tụ rất nhiều bụi bẩn và mầm bệnh, thậm chí cả virus gây bệnh Covid-19.",0

Người mắc Covid-19 kéo dài có thể bị mệt mỏi mạn tính Nghiên cứu mới đây phát hiện người bị triệu chứng Covid-19 kéo dài có thể mắc hội chứng mệt mỏi mạn tính và vấn đề hô hấp gây nhịp thở bất thường. Tình trạng này xuất hiện ngay cả ở người bị nhẹ và điều trị tại nhà.,0

Nguy cơ biến chủng Omicron xâm nhập Việt Nam và lây lan rất lớn Bộ Y tế đề nghị các địa phương tăng cường giám sát các ca nghi mắc Covid-19; chủ động gửi mẫu xét nghiệm để đánh giá nguy cơ biến chủng Omicron xâm nhập và lây lan.,1

"Honda Wave 100 phiên bản ‘Made in Campuchia’ giá gần 30 triệu đồng Honda Wave 100 mới sản xuất tại Campuchia trang bị động cơ 100 phân khối, kiểu dáng kích thước tương đương Wave Alpha 110 tại Việt Nam và có giá bán lên đến gần 30 triệu đồng.",1

"Khan hàng dịp cuối năm, Toyota Raize tự trao cơ hội vào tay KIA Sonet Nguồn cung không đủ để kịp thời đáp ứng nhu cầu thị trường trong bối cảnh sức mua đang có xu hướng gia tăng... Toyota Raize đang tự tay trao cơ hội cho đối thủ cạnh tranh KIA Sonet.",0

"Giảm 50% lệ phí trước bạ, mua xe SUV đô thị tiết kiệm khoảng 40 triệu đồng Chính sách giảm 50% lệ phí trước theo Nghị định 103/2021 NĐ-CP áp dụng từ ngày 1.12, giúp người mua xe SUV đô thị tầm giá 500 - 800 triệu đồng tiết kiệm được từ 30 - 50 triệu đồng khi hoàn tất các thủ tục thuế, phí để xe lăn bánh.",0

"Thế giới đã tiêm được bao nhiêu liều vắc xin Covid-19? Chiến dịch tiêm chủng lớn nhất trong lịch sử đang được tiến hành. Hơn 8,09 tỉ liều vắc xin đã được phân phối cho trên 184 quốc gia và vùng lãnh thổ, tức khoảng 37,1 triệu liều/ngày, theo dữ liệu của Bloomberg.",1

"Hiện trường thảm khốc sau vụ rơi trực thăng chở Tổng tham mưu trưởng Ấn Độ Chiếc trực thăng chở Tổng tham mưu trưởng quân đội Ấn Độ Bipin Rawat cùng phu nhân vừa bị rơi tại bang Tamil Nadu, khiến ít nhất 4 người thiệt mạng và công tác cứu hộ đang diễn ra.",0

Bản tin Covid-19 ngày 8.12: Thuốc kháng virus rồi sẽ được bán như thuốc cảm? Bản tin Covid-19 ngày 8.12 của Báo Thanh Niên được phát tại địa chỉ Thanhnien.vn và kênh YouTube Báo Thanh Niên. Bản tin sẽ cập nhật các tin tức về dịch Covid-19 cùng công tác phòng chống dịch của các địa phương trong nước cũng như diễn biến dịch bệnh trên thế giới.,1

"Một nhóm nghiên cứu dự báo TP.HCM sẽ hứng làn sóng dịch Covid-19 mới trong 3 tháng tới Một nhóm nghiên cứu dự báo các tình huống dịch tại TP.HCM, trong đó có dự báo TP.HCM sẽ đối diện làn sóng dịch Covid-19 mới từ thời điểm này đến cuối tháng 3.2022.",1

"Các bộ, ngành không được yêu cầu người dân khai báo lại thông tin đã kê khai Công dân chỉ kê khai thông tin 1 lần. Các bộ, ngành không được yêu cầu người dân khai báo lại những thông tin đã có tại Cơ sở dữ liệu quốc gia về dân cư.",0

"TP.HCM: Điều tra vụ tai nạn xe máy, người té ngã bị đá liên tục vào người Ngày 13.12, Công an H.Củ Chi (TP.HCM) đang điều tra, làm rõ vụ tai nạn xe máy khiến 2 người bị thương tại giao lộ Tỉnh lộ 15 - Bến Cỏ (xã Phú Hòa Đông, H.Củ Chi, TP.HCM).",1

"Giáo hội Phật giáo Việt Nam tỉnh Quảng Trị hủy tư cách tu sĩ của nghi phạm vụ giết người Giáo hội Phật giáo Việt Nam tỉnh Quảng Trị cho biết đã hủy tư cách tu sĩ Phật giáo đối với đại đức Thích Trí Hộ (tức Võ Viết Đạt, nghi phạm trong vụ giết người vừa xảy ra tại địa phương) do phá giới và phạm pháp…",0

Trực tiếp Tư vấn trực tuyến: Công nghệ mới nhất điều trị chấn thương thể thao Hệ thống BVĐK Tâm Anh tổ chức chương trình t ư vấn trực tuyến Công nghệ mới nhất điều trị chấn thương thể thao vào lúc 20 giờ tối nay 13.12 với sự tham gia của những chuyên gia đầu ngành và khách mời nổi tiếng.,1

Thầy Kiatisak ngưỡng mộ học trò Công Phượng HLV trưởng HAGL Kiatisak thể hiện sự ngưỡng mộ cậu học trò của mình bằng cách mặc áo Công Phượng để ghép với các tấm ảnh của cầu thủ này trong trận gặp Malaysia đăng lên trang cá nhân.,1

"Quang Hải, cú giật gót đẳng cấp Đông Nam Á Nếu để lựa chọn một nhân vật để cho thấy trình độ của bóng đá Việt Nam vượt trình độ bóng đá Malaysia thì phải kể đến Nguyễn Quang Hải, với điển hình là pha giật gót đẳng cấp ở trận vòng bảng AFF Cup 2020.",0

"AFF Cup: Động thái bất ngờ của thầy Park trong buổi tập của tuyển Việt Nam Sau chiến thắng ấn tượng 3-0 trước Malaysia, hôm nay tuyển Việt Nam ra sân tập nhằm chuẩn bị cho trận đấu quan trọng với tuyển Indonesia vào ngày 15.12 tới.",1

"Tiết lộ thù lao của diễn viên quần chúng Họ có thể thoại vài câu: 'chờ tao với', 'bữa nay xui tận mạng', 'vé số đây'… rồi lướt qua màn hình, hoặc đôi khi không nói câu nào. Họ chính là những diễn viên quần chúng mà dân trong nghề gọi là 'extras'.",1

"Trịnh Kim Chi trao lại hơn 244 triệu đồng tiền bảo hiểm cho Thương Tín Trịnh Kim Chi cho biết sau khi Thương Tín ký cam kết đóng bảo hiểm cho con gái đến năm 18 tuổi, cô đã trao lại số tiền hơn 244 triệu đồng cho vợ chồng nam diễn viên.",0

Giá vàng hôm nay 13.12.2021: Vàng miếng SJC tiếp tục tăng Kim loại quý tiếp tục tăng giá trong sáng 13.12 với những thông tin về lạm phát cao hỗ trợ. Ngân hàng nước ngoài dự báo đà tăng sẽ còn tiếp tục sang năm 2022.,0

"Tài xế Toyota Fortuner bon chen, giành làn vào trạm thu phí trên cao tốc Trong khi các xe khác xếp hàng chờ qua trạm thu phí, tài xế lái chiếc SUV 7 chỗ Toyota Fortuner lại ngang nhiên lách lên, sau đó bon chen, “kèn cựa” với xe khác để giành làn.",1

"'Choáng' giá trúng đấu giá đất Thủ Thiêm: Áp lực cho cả chính quyền lẫn doanh nghiệp Kết quả đấu giá thành công cao nhất các lô đất tại Thủ Thiêm cuối tuần qua lên gần 2,5 tỉ đồng/m² sẽ tạo ra sức ép cho việc rao bán tương tự của TP.HCM trong thời gian tới lẫn các doanh nghiệp phát triển dự án.",0

Giá USD hôm nay 13.12.2021: Đô la tự do tăng vọt Giá USD sáng 13.12 tiếp tục đi lên khi nhà đầu tư vẫn chờ đợi Fed thu hẹp chương trình kích thích kinh tế.,1

"Viettel thử nghiệm dịch vụ mạng 5G tại Đà Nẵng Ngày 13.12, Viettel triển khai thử nghiệm dịch vụ mạng 5G tại Đà Nẵng với công nghệ mới do Samsung cung cấp.",0

"Tổng thống Hàn Quốc nói đạt 'thỏa thuận nguyên tắc' chấm dứt chiến tranh Triều Tiên Tổng thống Hàn Quốc Moon Jae-in cho biết 4 nước Hàn Quốc, CHDCND Triều Tiên, Trung Quốc và Mỹ đã đồng ý về nguyên tắc để chính thức chấm dứt Chiến tranh Triều Tiên.",0

Vì sao cước vận tải từ Trung Quốc sang Đông Nam Á tăng vọt? Một số nhà phân tích và giới trong ngành mới đây lý giải nguyên nhân cước vận tải biển từ Trung Quốc sang các nước Đông Nam Á tăng lên mức cao kỷ lục trong giai đoạn này.,0

"Đốn hạ cây xanh, 10 quan chức Trung Quốc bị kỷ luật Quảng Châu xử lý kỷ luật hàng loạt quan chức liên quan vụ đốn hạ hơn 4.000 cây xanh trong thành phố.",0

"TP.HCM đẩy mạnh xúc tiến xuất khẩu hàng lương thực, thực phẩm Ngày 13.12, Trung tâm Xúc tiến thương mại và đầu tư TP.HCM (ITPC) phối hợp với Hội Lương thực thực phẩm TP.HCM khai mạc “Tuần lễ triển lãm sản phẩm ngành lương thực, thực phẩm”.",1

"Nhiều doanh nghiệp tại TP.HCM đã khôi phục 100% hoạt động Ngày 13.12, Cổng Thông tin điện tử Chính phủ tổ chức Tọa đàm “Sản xuất an toàn trong đại dịch” với sự tham gia của các chuyên gia, doanh nghiệp.",1

"Thi công nhà máy nhiệt điện hơn 41.000 tỉ đồng tại Quảng Bình Ngày 13.12, tại xã Quảng Đông (H.Quảng Trạch, Quảng Bình), Tập đoàn Điện lực Việt Nam (EVN) và tỉnh Quảng Bình tổ chức lễ triển khai thi công xây dựng công trình Nhà máy Nhiệt điện Quảng Trạch I.",1

Học sinh đi học trở lại: Đề xuất hỗ trợ sinh phẩm xét nghiệm nhanh Covid-19 Sở GD-ĐT đề xuất UBND TP.HCM hỗ trợ các bộ xét nghiệm nhanh Covid-19 để tầm soát F1 nếu có F0 tại trường trong thời gian học sinh đi học trở lại.,1

"Quảng Ngãi: Giáo viên và hàng chục học sinh mắc Covid-19, tạm ngưng dạy học trực tiếp Ghi nhận hàng chục học sinh mắc Covid-19, H.Tư Nghĩa (tỉnh Quảng Ngãi) đã chỉ đạo tất cả các trường đang dạy học trực tiếp phải tạm ngưng, chuyển sang dạy học trực tuyến.",0

Cách phụ huynh bảo vệ học sinh trong ngày đầu trở lại trường học trực tiếp Nếu như nhà trường có nhiều phương án chủ động bảo vệ học sinh thì phụ huynh cũng không ngoài cuộc khi luôn trang bị nước sát khuẩn để 'dọn sạch' Covid-19 trước khi con về nhà.,0

"Cần Thơ, Bến Tre cùng có nữ Bí thư Thành đoàn, Tỉnh đoàn mới Chị Lư Thị Ngọc Anh, Phó bí thư thường trực Thành đoàn Cần Thơ, vừa được bầu làm Bí thư Thành đoàn Cần Thơ. Trước đó, Phó bí thư thường trực Tỉnh đoàn Bến Tre Lâm Như Quỳnh cũng được bầu làm tân Bí thư Tỉnh đoàn tỉnh này.",1

"Đội thanh niên tình nguyện hỗ trợ tang sự giúp người nghèo Hơn 6 năm qua, một nhóm tình nguyện ở tỉnh Kiên Giang tích cực duy trì việc thiện nguyện vốn kén người trẻ dấn thân, hỗ trợ tang sự cho những hoàn cảnh ngặt nghèo.",0

"Thầy giáo 9X nhặt rác về làm đồ dùng dạy học Thầy giáo Nguyễn Hữu Quyết có biệt danh ""Quyết đồng nát” vì hay gom rác thải để chế ra những đồ dùng dạy học độc đáo, lan tỏa lối sống xanh, khiến học trò thích thú.",1

"Kim Duyên thi Miss Universe 2021: Lại vào top nhờ bình chọn từ khán giả! Có thể nói, với nhan sắc và sự thể hiện của Kim Duyên trong suốt hơn 16 ngày tại cuộc thi Hoa hậu Hoàn vũ 2021 (Miss Universe), cô có thể vào top 16 bằng chính thực lực của mình. Nhưng…",1

"Tiễn biệt Phú Quang: 'Chút lá thu vàng đã rụng/Chiều nay cũng bỏ ta đi…' Sáng nay 13.12, gia đình, người thân, bạn bè, những người yêu nhạc Phú Quang đã đến tiễn biệt ông tại Nhà tang lễ Quốc gia (Hà Nội).",0

"Con trai nhạc sĩ Phú Quang: 'Bố chịu đau đủ rồi, giờ là lúc bố thanh thản' “Rồi thời gian cũng sẽ trôi qua cùng bao buồn vui/Những nét chữ xưa cũng sẽ phai mờ theo năm tháng/Mãi trong lòng ta vẫn còn bài ca…”, những câu hát của ca khúc Cho em và cũng là cho anh đã vang lên ở giây phút cuối tiễn biệt nhạc sĩ Phú Quang tại nhà tang lễ sáng nay 13.12.",0

"Tăng Thanh Hà sinh con thứ ba Nhiều khán giả bất ngờ với thông tin Tăng Thanh Hà sinh con thứ ba. Trước đó, nữ diễn viên chưa từng tiết lộ điều này với công chúng.",0

Phần thi áo tắm 'bốc lửa' của Top 16 'Hoa hậu Hoàn vũ 2021' Top 16 thí sinh xuất sắc nhất khoe hình thể quyến rũ cùng những bước catwalk tự tin trong phần thi bikini tại chung kết Hoa hậu Hoàn vũ 2021 (Miss Universe 2021).,0

"‘MC quốc dân’ Yoo Jae Suk nhiễm Covid-19 Trưa 13.12, công ty quản lý Antenna thông báo Yoo Jae Suk có kết quả dương tính với Covid-19.",0

"Nước mắt và nụ cười ở giải điền kinh vô địch quốc gia 2021 Sau 5 ngày tranh tài sôi nổi, để lại nhiều khoảnh khắc ấn tượng, giải điền kinh vô địch quốc gia 2021 khép lại hôm nay trên sân Mỹ Đình (Hà Nội).",0

"Cổ động viên Malaysia nổi giận đòi HLV Tan Cheng Hoe từ chức Sau trận thua 0-3 trước tuyển Việt Nam, một số cổ động viên Malaysia đã lên mạng xã hội kêu gọi HLV Tan Cheng Hoe từ chức.",1

"Tuấn Anh: Hãy tận hưởng AFF Cup 2020 theo cách của mình Hai đường kiến tạo thành bàn trong lần đầu đá chính tại AFF Cup 2020, Tuấn Anh đã rũ bỏ hoàn toàn quá khứ ám ảnh để hướng tới hiện tại tươi đẹp cùng tuyển Việt Nam.",0

"Chủ nhà trọ Sài Gòn cầm cọc tiền 120 triệu phát cho người thuê 'để dành ăn Tết' Thương nhiều người nợ nần, khó khăn sau dịch Covid-19, chủ trọ Sài Gòn và con gái cầm cọc tiền 120 triệu đồng phát cho người thuê trọ ở cả khu phố. Cầm tiền trên tay, nhiều người mừng rỡ, nói ‘để dành ăn Tết’.",0

"Việt kiều Mỹ với câu hỏi: Giữa dịch Covid-19, sao lại về Việt Nam lúc này? Mọi người cứ hỏi sao lại về vào lúc này, sao không đợi Giáng Sinh hay Tết hẵng về tụ họp vui hơn? Giữa “thời đại” Covid-19, mọi thứ đổi thay chóng mặt. Những thủ tục xuất nhập cảnh hôm nay thế này, có thể ngày mai lại khác. Về được lúc nào cứ về thôi.",0

"Hội An 'nói không’ với thịt chó, mèo: Chính quyền chưa hề cấm quán thịt chó buôn bán Nhiều người dân và du khách bày tỏ quan điểm ủng hộ việc chính quyền TP.Hội An ký cam kết “không” tiêu thụ thịt chó, mèo. Tuy nhiên, nhiều người kinh doanh lại cho rằng cần có điều kiện đi kèm để họ chuyển đổi nghề.",1

"Thu hồi giấy chứng nhận đủ điều kiện kinh doanh dược của Vimedimex Hôm nay 13.12, Bộ trưởng Bộ Y tế đã ban hành Quyết định 5681/QĐ-BYT về việc thu hồi Giấy chứng nhận đủ điều kiện kinh doanh dược của Công ty cổ phần y dược phẩm Vimedimex.",0

"Nghiên cứu thực về Omicron: Mũi 3 Pfizer làm tăng mức kháng thể gấp trăm lần Các nhà nghiên cứu Israel hôm 11.12 cho biết họ đã phát hiện mũi 3 vắc xin Pfizer cung cấp khả năng bảo vệ đáng kể chống lại biến thể Omicron mới, theo CNBC.",1

"Tác động cấp tính của Covid-19 lên não Ngoài những ảnh hưởng đến hệ hô hấp, Covid-19 còn có thể gây ra một loạt triệu chứng liên quan hệ thần kinh và sức khỏe tâm thần.",0

"Ô tô giảm giá, người Việt mua sắm hơn 50.000 xe Với mục tiêu hưởng ưu đãi từ chương trình khuyến mãi của nhà sản xuất, phân phối cũng như chính sách giảm lệ phí trước bạ từ phía Chính phủ, người Việt đổ xô mua sắm ô tô, đặc biệt là các mẫu xe lắp ráp trong nước, giúp thị trường tăng trưởng kỷ lục.",0

"Toyota Vios chưa buông, Hyundai Accent ‘lạc bước’ ngôi vương sẽ thuộc về ai? Nỗ lực trong giai đoạn “chạy nước rút” giúp Toyota Vios gần như san bằng cách biệt doanh số, trong khi bước chững lại bất ngờ của Hyundai Accent ngay “phút 89” khiến cuộc đua đến ngôi vương sedan hạng B tại Việt Nam trở nên kịch tính hơn bao giờ hết.",1

"SUV đô thị: Toyota Corolla Cross khẳng định vị thế, KIA Seltos giảm nhiệt Trong bức tranh màu sáng của phân khúc SUV đô thị, Toyota Corolla Cross chính là điểm nhấn khi lập kỉ lục doanh số với hơn 3.000 xe bán ra, trong khi đối thủ KIA Seltos đang bắt đầu giảm nhiệt.",1

"Bão Rai đang mạnh lên, tiến vào Biển Đông thành bão số 9 Áp thấp nhiệt đới ngoài khơi Philippines đã mạnh lên thành bão có tên quốc tế là cơn bão Rai. Dự báo khoảng ngày 17.12, bão Rai sẽ đi vào phía nam Biển Đông và trở thành cơn bão số 9 trong năm nay.",1

"Ông Nguyễn Đức Chung lãnh thêm 8 năm tù, buộc bồi thường 25 tỉ đồng TAND thành phố Hà Nội đã tuyên phạt bị cáo Nguyễn Đức Chung, cựu Chủ tịch UBND thành phố Hà Nội, 8 năm tù về tội ""lợi dụng chức vụ quyền hạn trong khi thi hành công vụ"" và phải bồi thường 25 tỉ đồng thiệt hại trong vụ án.",0

"Thuốc nhỏ mắt trị chứng nhìn gần bị mờ sau tuổi 40 Một loại thuốc nhỏ mắt mới có thể trợ giúp của hàng triệu người bị lão thị, tức nhìn gần bị mờ. Đây là tình trạng thường thấy ở hầu hết những người trên 40 tuổi.",1

"Xét xử vụ sát hại Quân 'xa lộ': Võ Thùy Linh phủ nhận vai trò chủ mưu Tại phần xét hỏi chiều 14.12, bị cáo Võ Thùy Linh khai không biết Quân 'xa lộ' và phủ nhận vai trò chủ mưu.",1

"Đại diện SAGRI xin giảm nhẹ cho các bị cáo nguyên là nhân viên tổng công ty Tại phiên xét xử bị cáo Lê Tấn Hùng cùng 18 đồng phạm liên quan vụ sai phạm tại SAGRI, đại diện SAGRI đã xin giảm nhẹ cho 7 bị cáo, nguyên là nhân viên SAGRI.",1

Phạm Thị Đoan Trang lãnh 9 năm tù về tội tuyên truyền chống nhà nước Tòa án nhân dân TP.Hà Nội vừa tuyên Phạm Thị Đoan Trang 9 năm tù về tội “tuyên truyền chống nhà nước Cộng hòa xã hội chủ nghĩa Việt Nam”.,0

Vì sao trường đại học về IT lại xét tuyển thẳng thí sinh tài năng thể thao? Trường ĐH Công nghệ thông tin TP.HCM dự kiến sẽ xét tuyển thẳng học sinh có tài năng thể thao. Đây là một trong các nội dung dự kiến của phương án tuyển sinh 2022 của trường này.,1

"Chuyên gia đề xuất TP.HCM tổ chức đưa đón người dân ngoại tỉnh về quê dịp Tết Chuyên gia đề xuất TP.HCM cần cung cấp các chuyến xe buýt công cộng đưa người lao động, người dân ngoại tỉnh về quê ăn Tết và đón họ trở lại làm việc.",1

"Làm sao để phân biệt triệu chứng nào là cảm lạnh, cúm hay Covid-19? Nếu bạn bị ho, nghẹt mũi, hắt hơi hoặc ngứa cổ họng, thật không dễ để nhận biết đó là triệu chứng Covid-19, cúm do virus hay cảm lạnh, vì có nhiều triệu chứng giống nhau giữa 3 bệnh này.",1

Ông Park kéo tuyển Việt Nam xuống mặt đất Tuyển Việt Nam cần thêm ít nhất 3 điểm nữa trước đối thủ cũng nhiều duyên nợ Indonesia vào ngày 15.12 tới đây. Ông Park không muốn học trò mãi đi trên mây…,0

"Từ chàng trai vẽ bậy trên tường đến 'tay sơn' gạo cội của làng graffiti Việt Nam Theo đuổi graffiti 15 năm, đối mặt với nhiều lời chê trách, chàng trai ở Sài Gòn trở thành gương mặt được nhiều người biết đến trong làng nghệ thuật đường phố Việt Nam.",0

"Chơi phản tinh thần thể thao, cầu thủ bóng rổ Hà Nội bị lên án Giải bóng rổ 3x3 U.23 vô địch quốc gia vừa kết thúc tại Nha Trang với ngôi vô địch thuộc về đội Hậu Giang 1 nhưng hành vi không đẹp của các cầu thủ Hà Nội ở bán kết bị nhiều người lên án.",0

"Vietnamobile có tổng giám đốc mới Nhà mạng Vietnamobile vừa công bố một số chiến lược kinh doanh mới của mình trong năm 2022, đồng thời thông báo đã có tân Tổng giám đốc.",0

"Hơn 1.000 container nông sản mắc kẹt ở cửa khẩu Móng Cái Hơn 1.000 container, trong đó phần lớn là hàng nông sản đang bị kẹt cứng ở cửa khẩu quốc tế Móng Cái (Quảng Ninh) mà chưa thể xuất sang Trung Quốc.",1

"Bình Phước mở rộng 2 Khu công nghiệp Bắc Đồng Phú và Nam Đồng Phú Tỉnh Bình Phước đã thống nhất thông qua quy hoạch, mở rộng 2 Khu công nghiệp Bắc Đồng Phú và Nam Đồng Phú giai đoạn 2 với tổng diện tích gần 800 ha.",1

Hyundai Tucson 2022 có thêm phiên bản hầm hố Hyundai Tucson 2022 có thêm phiên bản XRT dành cho thị trường Mỹ với các phụ kiện ngoại hình hầm hố hơn nguyên bản.,1

Giá USD hôm nay 14.12.2021: Đồng bạc xanh tiếp tục tăng Giá USD sáng 14.12 tiếp tục đi lên trên thị trường tự do trong khi ngân hàng thương mại hầu như không thay đổi.,1

Tổng thống Philippines đột ngột rút lui khỏi cuộc đua vào Thượng viện Tổng thống Philippines Rodrigo Duterte ngày 14.12 đã rút lui khỏi cuộc đua giành ghế ở Thượng viện nước này.,1

"Trung Quốc cách ly hơn nửa triệu người vì ổ dịch Covid-19, phát hiện thêm ca Omicron nhập cảnh Chiết Giang, tỉnh có vai trò kinh tế quan trọng ở Trung Quốc, đang đối mặt với đợt lây nhiễm Covid-19 khiến nửa triệu người phải cách ly và các doanh nghiệp phải ngừng hoạt động.",1

Tổng thống Putin muốn đối thoại ngay với NATO về Ukraine Tổng thống Nga Vladimir Putin mới đây nói với Thủ tướng Anh Boris Johnson rằng ông muốn có cuộc đối thoại tức thì để đạt được những thỏa thuận pháp lý rằng NATO sẽ không mở rộng về phía đông.,0

"Crystal Bay hợp tác Beowulf tạo thanh khoản trực tuyến cho lưu trú khách sạn, du lịch Tập đoàn Crystal Bay và Beowulf Blockchain (Beowulf) vừa công bố hợp tác xây dựng nền tảng giao dịch trực tuyến NFT cho việc lưu trú khách sạn và các sản phẩm du lịch liên quan.",1

"Nhà đầu tư Nhật chỉ ra những thách thức thu hút FDI sắp tới của TP.HCM Đó là sự cạnh tranh gay gắt để có được nguồn nhân lực chất lượng cao, nguy cơ mức lương tăng cao, giảm tính hấp dẫn đối với các nhà đầu tư…",0

"Ngân hàng rục rịch tăng lãi suất huy động Áp lực lạm phát, tiền gửi cá nhân giảm, nhu cầu vốn cuối năm tăng... khiến các nhà băng rục rịch tăng lãi suất huy động.",0

"Học trực tuyến, thi trực tiếp: Học sinh không nên quá lo lắng Ngày trở lại trường, nhiều học sinh băn khoăn với hình thức thi cuối học kỳ trực tiếp tại trường vì đã phải nghe giảng trực tuyến gần một học kỳ, theo sau đó là lo lắng dịch bệnh phức tạp.",0

"Học cả trực tiếp lẫn trực tuyến, kiểm tra cuối kỳ ra sao? Học kỳ 1 với sự thay đổi liên tục hình thức dạy học (trực tiếp, trực tuyến) ở nhiều nhà trường. Câu hỏi đặt ra là việc kiểm tra cuối kỳ sẽ tiến hành theo cách nào?",1

"Học sinh đi học trở lại: Tập trung an toàn, không đặt nặng kiến thức Không đặt nặng kiến thức mà tập trung vào sự an toàn cho học sinh là khẳng định của lãnh đạo Sở GD-ĐT TP.HCM trong ngày đầu các trường mở cửa, đón học sinh đi học trở lại sau gần 7 tháng ngừng hoạt động vì dịch Covid-19.",0

Chàng người mẫu với 'lợi thế' vết sẹo trên mặt Sở hữu vết sẹo hình chữ thập trên gương mặt nhưng chàng người mẫu trẻ Nguyễn Đăng Đức (21 tuổi) lại cho đây là một điểm đặc biệt của bản thân thay vì khuyết điểm.,1

"Độc đáo với sản phẩm... bàn tay giả Chàng trai 8X ở Hà Nội từ bỏ công việc ổn định và quyết tâm khởi nghiệp, sản xuất các loại bàn tay, ngón tay giả bằng silicon để hỗ trợ người khiếm khuyết.",0

Nghĩ gì từ câu trả lời ứng xử của Top 3 Hoa hậu Hoàn vũ? Hoa hậu Hoàn vũ 2021 đã khép lại với chiến thắng thuộc về người đẹp Ấn độ. Bên cạnh nhan sắc rực rỡ của tân Hoa hậu thì phần trả lời ứng xử của các người đẹp cũng để lại nhiều bài học cho giới trẻ.,1

"Web-drama của Hồ Bích Trâm, Võ Tấn Phát dẫn đầu đề cử giải 'Ngôi sao xanh 2021' Cổng bình chọn giải thưởng điện ảnh - truyền hình Ngôi sao xanh 2021 đã khép lại vào ngày 14.12. Dẫn đầu các đề cử năm nay không chỉ là những tên tuổi kỳ cựu mà còn có sự bứt phá của một số nhân tố mới.",1

"Bức ‘Người phụ nữ đội nón lá bên sông’ của Mai Trung Thứ bán 1,5 triệu USD Tác phẩm của danh họa Mai Trung Thứ - Người phụ nữ đội nón lá bên sông vừa được Nhà đấu giá Sotheby’s Hong Kong bán thành công hơn 1,5 triệu USD.",0

"Hoa hậu H’Hen Niê, Khánh Ngân diễn thời trang thổ cẩm trong chương trình ở EXPO DUBAI Lễ công bố chương trình nghệ thuật Dòng chảy bất tận - The Eternal Flow vừa diễn ra tại Hà Nội có sự tham dự của Hoa hậu H'Hen Niê, Hoa hậu Ngọc Hân, Hoa hậu Khánh Ngân, Á khôi Bùi Minh Anh, Ngô Mỹ Hải...",0

"Nghệ sĩ Mạc Can: Chừng nào còn sống thì còn đi đóng phim Ở tuổi 76, dù sức khỏe không tốt nhưng nghệ sĩ Mạc Can vẫn lăn xả trên phim trường khi tham gia phim kinh dị Chuyện ma gần nhà. Nam nghệ sĩ nói đi đóng phim giúp tinh thần ông được thoải mái và mau hết bệnh.",1

Thùy Tiên khoe bộ ảnh nóng bỏng hậu đăng quang Miss Grand International Thần thái sắc sảo cộng với vóc dáng quyến rũ của Nguyễn Thúc Thùy Tiên trong bộ ảnh mới đang khiến fan 'đứng ngồi không yên'.,0

"Nỗi lòng diễn viên quần chúng 'Có lần vào vai quần chúng cho một clip quảng cáo, quay xong em chạy xe từ quận 7 về nhà ở quận 2, trời mưa lất phất mà nước mắt em cứ chảy', diễn viên Trâm Anh cho biết.",0

"Giải U.21 quốc gia: Bóng đá trẻ phải sạch thì giải đấu mới đáng xem Nhiều nhà chuyên môn và HLV đã hết lời ca ngợi các trận đấu của vòng loại giải bóng đá U.21 quốc gia Thanh Niên lần thứ 25 năm 2021 là rất hay và diễn ra một cách sòng phẳng, góp phần mang đến những cái tên chất lượng có mặt ở vòng chung kết.",0

"Kết quả Singapore 2-0 Timor Leste, AFF Cup 2020: 'Sư tử biển' vào bán kết Chủ nhà Singapore cùng với tuyển Thái Lan là 2 đội sẽ góp mặt ở vòng bán kết AFF Cup 2020 sau khi 'Sư tử biển' đã dễ dàng giành chiến thắng trước Timor Leste - đội yếu nhất bảng A.",1

"Trung vệ số 1 tuyển Indonesia, Elkan Baggott vắng mặt trận gặp tuyển Việt Nam vì Covid-19 Theo trang panditFootball.com, Elkan Baggott đã được đề nghị phải cách ly do chuyến bay đến Singapore của cầu thủ này trước trận gặp Lào (ngày 12.12) có nhiều hành khách bị nhiễm Covid-19 nghi biến thể mới Omicron.",1

"Phụ huynh nháo nhào mua kit xét nghiệm cho con ngay trong tối muộn Tối qua (13.12), nhiều phụ huynh tại TP.Hạ Long (Quảng Ninh) đã nháo nhác đi tìm kit xét nghiệm cho con theo yêu cầu của nhà trường. Kit test nhanh vì vậy bị đẩy giá, khan hàng.",1

"Hà Nội 1000 F0/ngày: Hàng quán Đống Đa bán mang về, khách có sang quận khác ăn? Từ 12 giờ trưa 13.12, Q. Đống Đa – quận duy nhất cấp độ 3 của Hà Nội áp dụng quy định hàng quán chỉ được bán mang về để phòng chống dịch Covid-19. Hôm qua cũng là ngày Hà Nội phát hiện 1.000 ca F0/ngày, vượt qua TP.HCM (915 ca).",1

"Chị em U.90 ôm nhau khóc hội ngộ sau dịch Covid-19: 'Mừng quá trời quá đất' Dù chỉ cách nhau 4 km nhưng vì dịch Covid-19, hơn 3 tháng trời chị em cụ bà U.90 không được gặp nhau. Trong cuộc hội ngộ bất ngờ, bà Hai (87 tuổi) ôm em gái nức nở khiến cư dân mạng xúc động.",1

"Phát hiện độ tuổi đáng ngạc nhiên bị nhiễm Omicron Tiến sĩ Angelique Coetzee, chủ tịch Hiệp hội Y khoa Nam Phi, nói với hãng tin Reuters rằng, hầu hết những người nhiễm Omicron đều ở độ tuổi từ 40 trở xuống, theo Express.",1

"Thò chân ra khỏi mền khi ngủ có tốt không? Nhiều người có thói quen khi ngủ mền thì rụt 2 bàn chân vào trong, số khác thì đưa ra ngoài. Một số bằng chứng cho thấy đưa bàn chân ra khỏi mền có thể tác động đến giấc ngủ.",1

"Cứu sống sản phụ 18 tuổi bị giảm tiểu cầu nguy hiểm, hiếm gặp Các bác sĩ vừa cứu sống sản phụ 18 tuổi bị ban xuất huyết giảm tiểu cầu huyết khối. Một bệnh lý nguy hiểm, rất hiếm gặp và khó chẩn đoán.",0

"Ô tô giảm giá, người Việt mua sắm hơn 50.000 xe Với mục tiêu hưởng ưu đãi từ chương trình khuyến mãi của nhà sản xuất, phân phối cũng như chính sách giảm lệ phí trước bạ từ phía Chính phủ, người Việt đổ xô mua sắm ô tô, đặc biệt là các mẫu xe lắp ráp trong nước, giúp thị trường tăng trưởng kỷ lục.",0

"Toyota Vios chưa buông, Hyundai Accent ‘lạc bước’ ngôi vương sẽ thuộc về ai? Nỗ lực trong giai đoạn “chạy nước rút” giúp Toyota Vios gần như san bằng cách biệt doanh số, trong khi bước chững lại bất ngờ của Hyundai Accent ngay “phút 89” khiến cuộc đua đến ngôi vương sedan hạng B tại Việt Nam trở nên kịch tính hơn bao giờ hết.",0

"SUV đô thị: Toyota Corolla Cross khẳng định vị thế, KIA Seltos giảm nhiệt Trong bức tranh màu sáng của phân khúc SUV đô thị, Toyota Corolla Cross chính là điểm nhấn khi lập kỉ lục doanh số với hơn 3.000 xe bán ra, trong khi đối thủ KIA Seltos đang bắt đầu giảm nhiệt.",1

Anh chuẩn bị ra sao trước 'sóng triều Omicron'? Anh đang tăng cường chương trình tiêm mũi 3 vắc xin Covid-19 để ngăn chặn làn sóng Covid-19 trước biến thể Omicron.,0

"Lo Omicron, Thái Lan rút ngắn thời gian tiêm mũi 3 vắc xin Covid-19 Thái Lan cho biết sẽ giảm thời gian giữa mũi tiêm vắc xin Covid-19 thứ 2 và thứ 3 nhằm tăng cường hệ miễn dịch để sẵn sàng đương đầu làn sóng Covid-19 mới do biến thể Omicron gây ra.",1

"Các nữ vận động viên bị bác sĩ quấy rối tình dục nhận 380 triệu USD sau dàn xếp Sau cuộc chiến pháp lý kéo dài 5 năm, những nạn nhân cựu bác sĩ của đội tuyển thể dục dụng cụ Mỹ đã đạt được thỏa thuận dàn xếp.",0

"Khai trừ Đảng Bí thư Cô Tô, cách hết chức vụ trong Đảng với ông Cao Minh Quang Ban Bí thư quyết định khai trừ Đảng ông Lê Hùng Sơn, Bí thư Huyện ủy Cô Tô (Quảng Ninh); cách chức tất cả các chức vụ trong Đảng đối với ông Cao Minh Quang, nguyên Thứ trưởng Bộ Y tế.",1

"Sau 2 ngày đi học trở lại, số học sinh TP.HCM đến trường biến động ra sao? Sau 2 ngày TP.HCM tổ chức cho học sinh lớp 9 và 12 đi học trở lại, tỷ lệ học sinh đến trường thực tế biến động mỗi ngày và cao hơn so với số thống kê ban đầu.",1

"Bão Rai diễn biến ra sao khi vào Biển Đông? Cơn bão Rai có thể đạt cấp gió 13 - 14, giật cấp 16 trước khi đổ bộ vào Philippines nhưng khi đi vào Biển Đông có thể suy yếu do tác động từ không khí lạnh và nhiệt độ thấp của nước biển gần bờ.",1

"Vì sao không xử lý trách nhiệm nguyên Chánh văn phòng Tỉnh ủy Bình Dương? Liên quan vụ chuyển nhượng trái pháp luật khu đất vàng 43 ha cho tư nhân ở Bình Dương, kết luận điều tra bổ sung xác định trách nhiệm của ông Nguyễn Văn Đông (nguyên Chánh văn phòng Tỉnh ủy Bình Dương) chưa đến mức xử lý hình sự.",0

"HLV Shin Tae-yong lo học trò khiếp sợ khi chạm trán tuyển Việt Nam Trước giờ bước vào trận đấu quan trọng với tuyển Việt Nam ở bảng B, AFF Cup 2020, HLV Shin Tae-yong dành thời gian truyền lửa cho các học trò, đặc biệt nhắn nhủ họ đừng sợ hãi tuyển Việt Nam.",1

"AFF Cup vẫn ‘cương quyết’ không thay đổi thực đơn nghèo nàn, tuyển Việt Nam lại sốc Chất lượng bữa ăn tại khách sạn Mercure Roxy, nơi đóng quân của một số đội tuyển tham dự AFF Cup, vẫn không được cải thiện. Ban tổ chức Singapore vẫn giữ nguyên thực đơn nghèo nàn, không thay đổi cả về chất lẫn lượng.",0

"Trực tiếp Kết quả Lào 0-2 Campuchia, AFF Cup 2020: 'Messi xứ Angkor' lập cú đúp Trận đấu lúc 16 giờ 30 sẽ là cơ hội để cả tuyển Lào và Campuchia giành những điểm số đầu tiên tại AFF Cup 2020. Cả 2 đội đã chính thức bị loại tại bảng B.",0

"Người Sài Gòn sống chung nhà với F0: Làm sao chăm người bệnh mà không nhiễm Covid-19? ‘Sống chung với F0’ không còn là khái niệm xa lạ với nhiều người Sài Gòn lúc này khi nhiều người nhiễm Covid-19 lựa chọn cách điều trị tại nhà. Thân nhân của họ làm gì để vừa chăm sóc người bệnh, vừa giữ mình không bị nhiễm Covid-19?",1

"Không xin được Elkan Baggott đấu trận tuyển Việt Nam, báo Indonesia đòi bỏ AFF Cup 2020 Trang Bolasport.com đề nghị tuyển Indonesia bỏ giải AFF Cup 2020, vì trung vệ cao 1m94, Elkan Baggott không được cho thi đấu trận gặp tuyển Việt Nam giống như đội tuyển cầu lông từng bị buộc rút lui khỏi giải All England 2021.",1

"Lịch thi đấu, trực tiếp AFF Cup 2020 hôm nay 15.12: Indonesia khó đòi nợ tuyển Việt Nam Lịch thi đấu bóng đá, lịch truyền hình trực tiếp và dự đoán kết quả vòng bảng AFF Cup 2020 diễn ra hôm nay 15.12 (theo giờ VN) luôn được cập nhật nhanh và chính xác nhất.",1

Giá USD hôm nay 15.12.2021: Nhảy vọt trên thị trường tự do Giá USD sáng 15.12 tiếp đà tăng trên cả thế giới lẫn trong nước khi kỳ vọng Mỹ sớm nâng lãi suất.,0

"Bị khai tử tại Việt Nam, xe cũ Chevrolet Trailblazer thành hàng hiếm Chevrolet Trailblazer không còn phân phối tại thị trường Việt Nam đồng nghĩa với việc mẫu xe này trở nên khan hiếm hơn trên sàn xe cũ, nhất là xe trang bị động cơ dầu 2.8L trong đợt đầu nhập về Việt Nam.",0

"Đi du lịch chưa bao giờ rẻ như bây giờ Sau khi Chính phủ ""chốt"" lộ trình mở cửa hàng không, đón khách quốc tế, hàng loạt chương trình khuyến mãi hấp dẫn đã được các đơn vị ồ ạt triển khai, làm nóng thị trường du lịch nội địa",1

"Kêu cứu vì ở chung cư 9 năm vẫn chưa được cấp sổ đỏ Mua nhà và hoàn thành nghĩa vụ tài chính từ tháng 7.2012 tới nay hơn 9 năm, các cư dân sống tại chung cư 32/17 Nguyễn Huy Lượng, quận Bình Thạnh (TP.HCM) hoang mang vì mãi không được cấp sổ đỏ.",0

Giá vàng hôm nay 15.12.2021: Sụt giảm sau 2 ngày tăng giá Giá vàng sáng 15.12 giảm trước lực bán tháo của nhà đầu tư trước khi cuộc họp chính sách tiền tệ tại Mỹ kết thúc và công bố kết quả.,0

"Cháy lớn tại cao ốc Hồng Kông, hàng trăm người mắc kẹt trên sân thượng Hơn 300 người đang bị mắc kẹt trên tầng thượng của tòa Trung tâm Thương mại Thế giới bị cháy tại Hồng Kông ngày 15.12.",1

"Tránh xe máy, xe bồn chở xăng lật phát nổ ở Haiti, 60 người chết It nhất 60 người thiệt mạng trong vụ nổ xe bồn ở thành phố Cap- Haitien của Haiti và có thông tin nhiều cư dân gần đó đã cố thu gom nhiên liệu từ chiếc xe bồn trước khi vụ nổ xảy ra.",0

"Nữ phi công kể chuyện xoay xở đáp cường kích A-10 đang bung ra từng mảnh giữa không trung Điều mà chẳng phi công nào muốn nhìn thấy là việc máy bay của mình tưởng chừng rã ra từng mảnh khi sắp hạ cánh. Nhưng đó lại chính là cơn ác mộng mà phi công Taylor ""Petrie"" Bye phải đối mặt khi lái cường kích A-10 năm ngoái.",1

"Ấn tượng chuỗi sự kiện mừng Giáng sinh và năm mới tại Novaland Gallery Lệ Quyên, Mỹ Linh, Ngọc Linh, Jimmii Nguyễn cùng loạt ca sĩ trẻ như Văn Mai Hương, Võ Hạ Trâm... “cháy hết mình” với loạt hit đình đám khiến sân khấu Novaland Gallery “bùng nổ”, mang đến sự hứng khởi cho khán giả trong chuỗi sự kiện.",1

"Cơn sốt đất 'điên đảo' ở TP.Đông Hà… hạ nhiệt! Sau hơn 3 tuần ""điên đảo"", cơn sốt đất ở TP.Đông Hà (Quảng Trị) đã hạ nhiệt, giới bất động sản bắt đầu thưa vắng ở cả đời thực lẫn trên mạng…",0

"Nhiều hoạt động ý nghĩa tri ân khách hàng của EVNCPC Hàng loạt các hoạt động ý nghĩa tri ân khách hàng, lan tỏa nhân văn với các hoạt động xã hội đã được Tổng công ty Điện lực miền Trung (EVNCPC) thực hiện nhân kỷ niệm 67 năm Ngày truyền thống ngành Điện lực VN (21.12.1954 - 21.12.2021).",1

"'Bác sĩ ơi, con cô đơn quá, học trực tuyến xong chỉ biết lên mạng, chơi game...' Đó là tâm sự của nhiều học sinh, sinh viên khi gọi điện đến số tổng đài của dự án cộng đồng 'Chăm sóc sức khỏe tâm thần trong đại dịch' để được tham vấn và trị liệu tâm lý.",0

"Bộ GD-ĐT lại thay đổi về hướng dẫn kiểm tra học kỳ với lớp 1, lớp 2 Chỉ riêng hình thức kiểm tra học kỳ với học sinh lớp 1, lớp 2, Bộ GD-ĐT đã liên tục thay đổi quan điểm chỉ đạo từ đầu năm học đến nay.",0

"Cơ hội nghiên cứu tại Mỹ dành cho giảng viên, giáo viên Phái đoàn ngoại giao Mỹ tại Việt Nam đang tìm kiếm ứng viên cho chương trình học bổng nghiên cứu Mỹ dành cho học giả và chuyên gia giáo dục phổ thông (SUSI) mùa hè năm 2022.",1

"Làm điều đặc biệt ở tuổi 18 Không chỉ đạt thành tích tốt trong học tập, cô gái 18 tuổi ở Hà Nội năng nổ thực hiện nhiều dự án lớn vì cộng đồng.",1

"Ngày hội 'Tuổi trẻ Khánh Hòa vì biển, đảo quê hương' 2021 Sáng 15.12, tại cảng cá Hòn Rớ (xã Phước Đồng, TP.Nha Trang), Tỉnh đoàn Khánh Hòa phối hợp với Sở NN-PTNT, Bộ đội Biên phòng tỉnh tổ chức chương trình Ngày hội 'Tuổi trẻ Khánh Hòa vì biển, đảo quê hương' năm 2021.",1

"Học sinh sáng chế máy ấp trứng cá thát lát Máy ấp trứng cá thát lát do 2 học sinh Lê Thị Diệu An(15 tuổi, lớp 9) và Trần Quỳnh Ý Vi (14 tuổi, lớp 8) sáng chế theo nguyên lý lọc nước tuần hoàn, có thể theo dõi quy trình từ xa.",0

"Đông Nhi, Wowy... trình diễn tại nhạc hội countdown đón năm mới Đông đảo ca sĩ nổi tiếng như Đông Nhi, Wowy, Vũ Cát Tường, Văn Mai Hương... đang tưng bừng chuẩn bị cho các tiết mục trình diễn tại nhạc hội countdown vào đêm giao thừa tết tây 31.12.2021.",0

"Ngắm những tác phẩm xuất sắc của cuộc thi ảnh về ngành điện Sáng 15.12, Tổng công ty Điện lực TP.HCM (EVNHCMC) đã long trọng tổ chức lễ trao giải thưởng cuộc thi ảnh đẹp và sáng tác ca khúc hay về ngành điện, với chủ đề Điện lực TP.HCM – 45 năm cùng TP tỏa sáng.",1

"Sau nhiều năm cover, tích cóp, Hà Nhi ""chơi lớn"" cho MV thử thách bản thân ""Với nhiều ca sĩ, làm một MV không khó nhưng với Hà Nhi là cả một vấn đề"", top 4 Vietnam Idol 2015 cho biết khi nói về MV Thơm vừa ra mắt của mình.",1

"Ngọc Lan 'choáng' trước chàng trai đặt tiêu chuẩn ngoại hình, mang cả thước dây đi hẹn hò Tham gia chương trình Bạn muốn hẹn hò, chàng trai Ngọc Dương thẳng thắn cho biết thích bạn gái có vòng một từ 85-90cm. Anh thậm chí còn mang cả thước dây theo để nhờ đo giúp khiến Quyền Linh và Ngọc Lan 'dở khóc dở cười'.",0

"Đi lên nhờ vai quần chúng Nếu chịu khó 'cày', nhiều diễn viên quần chúng (extras) có thể kiếm được thu nhập 2, 3 triệu đồng/ngày, thậm chí hơn. Nếu kiên trì, chịu khó học hỏi, vẫn có người thành công với nghề.",0

"Nam ca sĩ Vương Lực Hoành bất ngờ thông báo ly hôn Chiều 15.12, trên trang cá nhân, Vương Lực Hoành thừa nhận anh và vợ Lý Tịnh Lôi đã chính thức ly hôn sau 8 năm “về chung một nhà”. Thông tin này gây chấn động làng giải trí Hoa ngữ.",0

"Chữ tín của thầy Park Tạm từ bỏ lối chơi phòng ngự phản công vốn trở thành ‘đặc sản’ của tuyển Việt Nam do chính mình xây dựng suốt 3 năm qua, ông Park đã ‘tự tay” biến hóa thành một lối chơi mang âm hưởng mới…",1

"HLV Mano Polking mong chờ điều gì từ trận đấu tuyển Việt Nam gặp Indonesia? Theo báo chí Thái Lan xác nhận, HLV Mano Polking sẽ đến xem trận tuyển Việt Nam gặp Indonesia lúc 19 giờ 30 tối nay (15.12) trên sân Bishan với mục đích dò xét cả 2 đối thủ tiềm năng gặp ở trận bán kết.",0

"Cuộc đấu trí giữa Park Hang-seo với Shin Tae-yong ở AFF Cup nóng trên báo Hàn Quốc Báo chí Hàn Quốc gọi trận đấu giữa tuyển Việt Nam với Indonesia ở vòng 3 bảng B, AFF Cup 2020 diễn ra lúc 19 giờ 30 hôm nay là “derby HLV Hàn Quốc” và được quan tâm đặc biệt.",0

"Bộ ảnh gia đình gây sốt vì có một nhân vật đặc biệt Thay vì có các thành viên trong gia đình như bình thường, bộ ảnh gia đình của chị Mơ đặc biệt hơn khi nhân vật chính là chú chó tên Gấu mà chị mua về nuôi 3 năm trước và xem như con của mình.",1

"Phụ huynh nháo nhào mua kit xét nghiệm cho con ngay trong tối muộn Tối qua (13.12), nhiều phụ huynh tại TP.Hạ Long (Quảng Ninh) đã nháo nhác đi tìm kit xét nghiệm cho con theo yêu cầu của nhà trường. Kit test nhanh vì vậy bị đẩy giá, khan hàng.",1

"Shipper chở mẹ bị nam nữ lao vào đánh, cướp điện thoại ở TP.HCM: Công an nói gì? Hơn 21 giờ, anh H. (19 tuổi, ngụ Q.7) chở mẹ trên đường ở TP.HCM thì bất ngờ bị 2 nam, 1 nữ chửi bới, nhào vô đánh. Người dân can ngăn, nhóm này bỏ đi, anh H. kiểm tra đã bị mất điện thoại và tai nghe bluetooth.",1

"Hướng dẫn mới nhất về 3 loại thuốc kháng vi rút điều trị Covid-19 Theo Quyết định 5666/QĐ-BYT của Bộ Y tế về việc sửa đổi, bổ sung một số điểm của Hướng dẫn chẩn đoán và điều trị Covid-19, trong nước hiện có 3 thuốc kháng vi rút dùng điều trị người bệnh Covid-19 là Remdesivir, Favipiravir và Molnupiravir.",1

"Gần 90% người nhiễm Omicron gặp triệu chứng này đầu tiên Trung tâm Kiểm soát và Phòng ngừa Dịch bệnh Mỹ (CDC Mỹ) đã đưa ra một hồ sơ triệu chứng sơ bộ ở người nhiễm biến thể Omicron, theo Express.",1

"Làm sao để phân biệt triệu chứng nào là cảm lạnh, cúm hay Covid-19? Nếu bạn bị ho, nghẹt mũi, hắt hơi hoặc ngứa cổ họng, thật không dễ để nhận biết đó là triệu chứng Covid-19, cúm do virus hay cảm lạnh, vì có nhiều triệu chứng giống nhau giữa 3 bệnh này.",1

"Xe gia đình cỡ nhỏ: Doanh số tăng mạnh, Suzuki XL7 bám sát Mitsubishi Xpander Phân khúc xe gia đình cỡ nhỏ tầm giá dưới 1 tỉ đồng tại Việt Nam tháng 11.2021 chứng kiến màn bứt tốc doanh số mạnh mẽ, trong đó Suzuki XL7 và Mitsubishi Xpander tiếp tục cuộc đua song mã kịch tính.",1

"Toyota rút ngắn khoảng cách với Hyundai, Suzuki vượt mặt Honda Thị trường ô tô hồi phục mạnh mẽ, doanh số bán xe đạt mức cao nhất kể từ đầu năm đến nay, trong đó với gần 10.000 xe bán ra Toyota rút ngắn khoảng cách doanh số với Hyundai, Suzuki cũng có bước tiến mạnh mẽ để vượt mặt Honda.",0

"Toyota Vios chưa buông, Hyundai Accent ‘lạc bước’ ngôi vương sẽ thuộc về ai? Nỗ lực trong giai đoạn “chạy nước rút” giúp Toyota Vios gần như san bằng cách biệt doanh số, trong khi bước chững lại bất ngờ của Hyundai Accent ngay “phút 89” khiến cuộc đua đến ngôi vương sedan hạng B tại Việt Nam trở nên kịch tính hơn bao giờ hết.",0

"Thuốc trị Covid-19 của Pfizer giảm bệnh nặng, tử vong 90%, hiệu quả với Omicron Hy vọng mới về một loại thuốc điều trị Covid-19 hiệu quả được công bố ngày 14.12.",0

"Lão nông miền Tây làm giàu nhờ nuôi cua đinh sau nhiều năm “nếm trái đắng” Với 25 bể xi măng được xây dựng trên diện tích vài trăm mét vuông, ông Nguyễn Văn Thanh (57 tuổi, ngụ khu vực Thạnh Thắng, phường Phú Thứ, quận Cái Răng, thành phố Cần Thơ) thu lãi hơn 300 triệu đồng/năm nhờ bán con giống.",1

"Lần đầu chung sản phẩm, Hoàng Dũng thẳng thắn về cách làm việc của GDucky Không ngần ngại giấu diếm, Hoàng Dũng chia sẻ thẳng về tính cách lẫn khả năng làm việc của GDucky.",1